figure_id,block,method,n_users,trial,ratio,cE,cN,social_cost,esp_revenue,nsp_revenue,joint_revenue,comp_utilization,band_utilization,final_pE,final_pN,offloading_size,restricted_gap,runtime_sec,stage2_calls
E2-cost-ratio,E,Full model,100,1,0.001,0.01,10.0,2288.401317637078,20.536445957670185,19.685386553795038,40.22183251146522,0.21030316773999838,0.10930070303993482,0.9865162445417734,14.502575465274605,4,0.0,0.09640716697322205,49
E2-cost-ratio,E,ME,100,1,0.001,0.01,10.0,2224.9829480568833,24.228431634268077,0.0,24.228431634268077,0.9983000249216134,0.3593020241629459,0.25269689501580944,10.0,10,47.738102780492575,15.412397291976959,0
E2-cost-ratio,E,SingleSP,100,1,0.001,0.01,10.0,2218.167829199692,23.83791974280787,0.0,23.83791974280787,0.587789839231441,0.04541218037135723,0.01,10.0,5,58.23089711886022,0.007910957996500656,0
E2-cost-ratio,E,Coop,100,1,0.001,0.01,10.0,2289.6332174867634,22.58534274553823,30.081300469614455,52.66664321515269,0.30164063766995963,0.1255479986210954,0.75875,15.99,5,0.04070363496525431,85.36148466699524,625
E2-cost-ratio,E,Rand,100,1,0.001,0.01,10.0,2306.5087159691984,1.1165932023553438,0.6018618054651371,1.7184550078204808,0.36388377938460986,0.1951807567530911,0.735362993806399,10.7253629938064,1,30.054626560142044,0.11172700001043268,0
E2-cost-ratio,E,Full model,100,2,0.001,0.01,10.0,2192.381621603131,13.836904240571698,20.408114944611523,34.245019185183224,0.26663543267758494,0.11773433115512003,0.5289446916945677,14.333509763970833,4,0.0,0.2121347920037806,85
E2-cost-ratio,E,ME,100,2,0.001,0.01,10.0,2148.3528073199304,27.819843867221262,0.0,27.819843867221262,0.9653102285692199,0.3421539643844357,0.2881984386722127,10.0,11,35.65860556504213,12.49622274999274,0
E2-cost-ratio,E,SingleSP,100,2,0.001,0.01,10.0,2165.2083337464514,5.326428174417771,0.0,5.326428174417771,0.30042669432457736,0.07033317539109667,0.01,10.0,3,52.676229617823594,0.0060141249850858,0
E2-cost-ratio,E,Coop,100,2,0.001,0.01,10.0,2190.2385982785026,12.37300452692261,31.1823777984208,43.55538232534341,0.49574642511876904,0.13014347996002001,0.25958333333333333,15.99,5,5.716055986993744,86.68649683301919,625
E2-cost-ratio,E,Rand,100,2,0.001,0.01,10.0,2207.65938289023,4.598423569915626,1.5344795895052246,6.1329031594208505,0.2617539873361232,0.1574754648717967,0.9311279754623127,10.921127975462312,2,18.329211511564502,0.17163491700193845,0
E2-cost-ratio,E,Full model,100,3,0.001,0.01,10.0,2179.5677467305595,13.625188361761577,10.626149823280757,24.251338185042336,0.30193784404587265,0.13762568957713187,0.46125805295514843,11.930262775781655,4,0.0,0.09411887501482852,34
E2-cost-ratio,E,ME,100,3,0.001,0.01,10.0,2142.077714845219,9.082692789499994,0.0,9.082692789499994,0.9957368797721364,0.27034314529351505,0.10121579178204658,10.0,6,27.743424678086885,23.61008437498822,0
E2-cost-ratio,E,SingleSP,100,3,0.001,0.01,10.0,2178.0328379784924,8.35159650488707,0.0,8.35159650488707,0.9522354799620419,0.05464489799221095,0.01,10.0,1,33.8950283521103,0.004534209001576528,0
E2-cost-ratio,E,Coop,100,3,0.001,0.01,10.0,2176.6640769795936,12.585519627630449,19.2644594735247,31.84997910115515,0.5042612204726724,0.17542382279731092,0.25958333333333333,12.745416666666667,5,1.322577450632874,82.25313983400702,625
E2-cost-ratio,E,Rand,100,3,0.001,0.01,10.0,2197.6049156495533,1.438734410241743,0.9536610438783377,2.3923954541200807,0.3194456131514025,0.19202570175636305,0.6468358606307947,10.636835860630795,1,19.65743993156469,0.12925158301368356,0
E2-cost-ratio,E,Full model,100,4,0.001,0.01,10.0,2297.554568551864,28.76550943262005,26.213254018258315,54.97876345087836,0.5832227189392922,0.22856169537175508,0.5032165448721873,12.867196751365372,8,0.0,0.39206879198900424,46
E2-cost-ratio,E,ME,100,4,0.001,0.01,10.0,2254.899692565489,39.6880274675349,0.0,39.6880274675349,0.9989366363823687,0.41227615757966946,0.40730275196697546,10.0,12,33.24017895467795,29.83273491699947,0
E2-cost-ratio,E,SingleSP,100,4,0.001,0.01,10.0,2262.3475876913276,15.871921801106538,0.0,15.871921801106538,0.7333939219812067,0.20334962232623396,0.01,10.0,5,56.363114048214634,0.011356665985658765,0
E2-cost-ratio,E,Coop,100,4,0.001,0.01,10.0,2293.273275523906,20.26698131800081,36.86977152867478,57.13675284667559,0.8120326404541225,0.2172430807935272,0.25958333333333333,14.242916666666666,8,8.619044285636207,96.83508175000316,625
E2-cost-ratio,E,Rand,100,4,0.001,0.01,10.0,2332.1662893930466,2.2140602803460463,0.4998139740615461,2.7138742544075924,0.37787994982503625,0.23092012817007138,0.9028474912672132,10.892847491267213,1,36.593294238122844,0.10098950000246987,0
E2-cost-ratio,E,Full model,100,5,0.001,0.01,10.0,2222.569716060071,3.6165845499194473,7.780225680542939,11.396810230462386,0.08906960107130654,0.02146658666235813,0.416040277088938,19.060855601912763,1,0.0,0.03660166700137779,30
E2-cost-ratio,E,ME,100,5,0.001,0.01,10.0,2186.930324157192,8.037755516060876,0.0,8.037755516060876,0.9955245960288734,0.16702862830876225,0.09073889432891273,10.0,6,21.50377488878836,15.77109029199346,0
E2-cost-ratio,E,SingleSP,100,5,0.001,0.01,10.0,2193.181943578538,22.182560665204655,0.0,22.182560665204655,0.9514360153968963,0.05770549502145237,0.01,10.0,2,24.879530244670708,0.0051542499859351665,0
E2-cost-ratio,E,Coop,100,5,0.001,0.01,10.0,2213.329786005089,7.541757456730124,13.466318453315393,21.00807591004552,0.3021739214716577,0.061312726301329744,0.25958333333333333,15.490833333333335,3,6.595081213803768,83.8266611250001,625
E2-cost-ratio,E,Rand,100,5,0.001,0.01,10.0,2230.7043334289547,1.91740497016753,0.6796917420970844,2.5970967122646145,0.22238648849682796,0.07458130217855438,0.479263076904066,10.469263076904067,2,17.71924296563076,0.16195641699596308,0
E2-cost-ratio,E,Full model,100,6,0.001,0.01,10.0,2196.908227386861,20.92399635792077,19.822392290380318,40.74638864830109,0.19356043763632108,0.09219084558368436,1.0910058405238097,15.375368933021377,4,0.0,0.5496986249927431,67
E2-cost-ratio,E,ME,100,6,0.001,0.01,10.0,2120.05132705452,34.118600371696665,0.0,34.118600371696665,0.9987552702015816,0.4050181953687641,0.3516112173787119,10.0,12,42.08186045225499,37.016732874995796,0
E2-cost-ratio,E,SingleSP,100,6,0.001,0.01,10.0,2122.8434608997077,26.67009877074844,0.0,26.67009877074844,0.11382472264580049,0.06805063603569309,0.01,10.0,5,56.513089438231894,0.012293249979848042,0
E2-cost-ratio,E,Coop,100,6,0.001,0.01,10.0,2171.610054548144,16.857031959741313,39.967522924444346,56.82455488418566,0.6754069566507371,0.1668093611203854,0.25958333333333333,15.99,7,7.900138616321588,139.782626041997,625
E2-cost-ratio,E,Rand,100,6,0.001,0.01,10.0,2203.131491669519,2.67839891180328,0.9733888725677591,3.651787784371039,0.6482844630615026,0.30989080932733126,0.5703176417657623,10.560317641765762,2,35.09155491790768,0.17257879200042225,0
E2-cost-ratio,E,Full model,100,7,0.001,0.01,10.0,2251.3029359813804,9.243143441536972,9.063694007660377,18.30683744919735,0.2718675276861312,0.06327690016231635,0.34998703413406934,13.580964769295909,3,0.0,0.20769049998489209,64
E2-cost-ratio,E,ME,100,7,0.001,0.01,10.0,2225.059662570939,23.52127829997041,0.0,23.52127829997041,0.9983239481702998,0.33577941528550137,0.2456076736722539,10.0,10,15.383727262317,23.48306012499961,0
E2-cost-ratio,E,SingleSP,100,7,0.001,0.01,10.0,2236.257149279846,13.020794958272909,0.0,13.020794958272909,0.9547513463437588,0.05346387800578423,0.01,10.0,2,28.73977722066115,0.004914167016977444,0
E2-cost-ratio,E,Coop,100,7,0.001,0.01,10.0,2235.515268634218,22.056229123912555,8.768948590730808,30.825177714643363,0.8837220350148605,0.29278626346346626,0.25958333333333333,10.74875,9,6.0502527603550735,61.76984370901482,625
E2-cost-ratio,E,Rand,100,7,0.001,0.01,10.0,2267.79264340315,5.685038934717903,2.9405253898300923,8.625564324547994,0.03463996936701718,0.020151171637727883,2.3607735375818333,12.350773537581833,1,4.746074091519867,0.10134645900689065,0
E2-cost-ratio,E,Full model,100,8,0.001,0.01,10.0,2275.541290593698,17.772649171368617,18.989743490224356,36.76239266159297,0.15500199506782977,0.05722887014612423,1.1566077687316991,18.295526122452383,3,0.0,0.14815433300100267,52
E2-cost-ratio,E,ME,100,8,0.001,0.01,10.0,2194.7443579503024,16.325830258186564,0.0,16.325830258186564,0.9976123985365274,0.22539754283318877,0.17364903124837014,10.0,8,36.2167850593292,23.245776708994526,0
E2-cost-ratio,E,SingleSP,100,8,0.001,0.01,10.0,2199.917246462217,49.882864657974665,0.0,49.882864657974665,0.850114748773024,0.1551285022460823,0.01,10.0,5,48.28466551143155,0.0095611670112703,0
E2-cost-ratio,E,Coop,100,8,0.001,0.01,10.0,2238.642553896505,17.83083559917655,31.218741057532664,49.04957665670921,0.7144241308518149,0.1645834692427695,0.25958333333333333,14.742083333333333,7,6.183721780735144,116.7768189169874,625
E2-cost-ratio,E,Rand,100,8,0.001,0.01,10.0,2300.316046531512,2.371332460682119,0.3286489880560451,2.699981448738164,0.4277916589449166,0.19305911042766005,0.7239764014642689,10.713976401464269,1,33.2066235459413,0.09525204097735696,0
E2-cost-ratio,E,Full model,100,9,0.001,0.01,10.0,2213.5264564070144,36.51336842709504,6.672751147529737,43.186119574624776,0.06884941611724116,0.0741441716569544,5.313366460641838,12.249924369781485,3,0.0,0.19780070902197622,49
E2-cost-ratio,E,ME,100,9,0.001,0.01,10.0,2123.825050235453,26.738057066488132,0.0,26.738057066488132,0.9984313171014236,0.3386485812619086,0.2778006649882758,10.0,10,39.66369718208366,23.490217916987604,0
E2-cost-ratio,E,SingleSP,100,9,0.001,0.01,10.0,2125.515760176783,61.5837454066714,0.0,61.5837454066714,0.11009406838984354,0.08705689999673383,0.01,10.0,4,46.2756173049962,0.007569834007881582,0
E2-cost-ratio,E,Coop,100,9,0.001,0.01,10.0,2210.133004644442,29.623501160340076,15.549137468217793,45.17263862855787,0.08477987453471998,0.06489623317286224,3.504166666666667,15.99,3,2.466682441792962,137.71629233300337,625
E2-cost-ratio,E,Rand,100,9,0.001,0.01,10.0,2229.8867127321055,0.6366585417483835,0.26480465086817406,0.9014631926165576,0.7972391705587247,0.2953152517478637,0.3425317874367953,10.332531787436796,1,38.4248062047795,0.08887537501868792,0
E2-cost-ratio,E,Full model,100,10,0.001,0.01,10.0,2161.278835470159,11.016693160892142,7.29522283482208,18.311915995714223,0.0940360659874127,0.05527052684775071,1.1815391371611392,13.299779851437659,2,0.0,0.05069066700525582,32
E2-cost-ratio,E,ME,100,10,0.001,0.01,10.0,2125.189675219901,12.39001502643422,0.0,12.39001502643422,0.9460198795852515,0.19549189978162207,0.13390015026434218,10.0,8,19.373348214673776,7.879359499987913,0
E2-cost-ratio,E,SingleSP,100,10,0.001,0.01,10.0,2147.437869459636,9.541313830135842,0.0,9.541313830135842,0.09667321272227922,0.06374055351115823,0.01,10.0,1,27.016301818217315,0.0029289170051924884,0
E2-cost-ratio,E,Coop,100,10,0.001,0.01,10.0,2153.53271918448,7.474454390679077,14.341684877501429,21.816139268180507,0.299477304467943,0.06840775042929371,0.25958333333333333,15.24125,3,1.0032618101342017,58.12692854201305,625
E2-cost-ratio,E,Rand,100,10,0.001,0.01,10.0,2168.2649714244594,1.6667915466174088,1.166372553688826,2.833164100306235,0.09649933886284671,0.06046721163576241,1.1219883306502485,11.111988330650249,1,8.490076583319752,0.08715829197899438,0
E2-cost-ratio,E,Full model,100,1,0.01,0.01,1.0,2245.031782617947,102.20958926371675,64.17211241572312,166.38170167943986,0.2540217005389687,0.7336086580687144,4.033655815501364,3.1868646079185297,10,0.0,4.506263999996008,55
E2-cost-ratio,E,ME,100,1,0.01,0.01,1.0,1971.5254066771042,49.0,0.0,49.0,0.717700466970377,0.9348112717144266,0.5,1.0,17,169.73657901657498,8.898440875025699,0
E2-cost-ratio,E,SingleSP,100,1,0.01,0.01,1.0,1922.5254066771045,342.9833092920941,0.0,342.9833092920941,0.8438485471110837,0.9976804252797793,0.01,1.0,17,202.15287098212482,0.09962208298384212,0
E2-cost-ratio,E,Coop,100,1,0.01,0.01,1.0,2156.5903404988344,68.58379152697012,150.66414869838556,219.24794022535568,0.9159771823301517,0.9432229676443168,0.75875,4.993333333333334,16,18.52204585730523,917.4645948340185,625
E2-cost-ratio,E,Rand,100,1,0.01,0.01,1.0,2300.0599281026657,9.421094761708598,3.043600817485338,12.464695579193936,0.5228149667423938,0.8812175179404299,1.165426145028053,2.155426145028053,2,134.60923301490385,0.38855795800918713,0
E2-cost-ratio,E,Full model,100,2,0.01,0.01,1.0,2137.249418382077,101.00038067618233,57.775429737026975,158.7758104132093,0.3198737200317213,0.8355664562421028,3.1675079273835407,2.728630598602163,11,0.0,1.294557834014995,43
E2-cost-ratio,E,ME,100,2,0.01,0.01,1.0,1910.9110238217286,49.0,0.0,49.0,0.8164726165611144,0.9918533764564381,0.5,1.0,17,138.44674940503845,3.7438048330077436,0
E2-cost-ratio,E,SingleSP,100,2,0.01,0.01,1.0,1861.9110238217286,304.92281736590695,0.0,304.92281736590695,0.36617279988631823,0.4309311105961747,0.01,1.0,17,171.72320085798384,0.07209225001861341,0
E2-cost-ratio,E,Coop,100,2,0.01,0.01,1.0,2056.420642323132,74.87500000000001,119.68940927798317,194.5644092779832,0.9747630207470954,0.9485910715083344,0.75875,3.995,18,11.011770538595798,262.5429599590134,625
E2-cost-ratio,E,Rand,100,2,0.01,0.01,1.0,2204.5889982647777,13.537821142828548,4.51752865176443,18.055349794592978,0.3119520276154962,0.6150376669143005,2.7218132098677805,3.7118132098677807,2,78.58162469510378,0.12366620899410918,0
E2-cost-ratio,E,Full model,100,3,0.01,0.01,1.0,2117.5319612657254,70.38002875796113,55.55591862889966,125.93594738686079,0.2872940644378825,0.7474795286847604,2.459755754462459,2.8581083660797364,9,0.0,0.30082991599920206,37
E2-cost-ratio,E,ME,100,3,0.01,0.01,1.0,1932.4205800881252,49.0,0.0,49.0,0.5212365917530982,0.7608270010987275,0.5,1.0,16,138.8262518908668,1.244692042004317,0
E2-cost-ratio,E,SingleSP,100,3,0.01,0.01,1.0,1883.4205800881252,273.1843355614284,0.0,273.1843355614284,0.9989971715071978,0.9937414190961438,0.01,1.0,16,171.04232367166946,0.024511416006134823,0
E2-cost-ratio,E,Coop,100,3,0.01,0.01,1.0,2081.3744135289135,49.91666666666664,132.82379443953258,182.74046110619923,0.9822165758536064,0.8362168825703421,0.5091666666666667,4.74375,15,18.509689340094674,210.35483987501357,625
E2-cost-ratio,E,Rand,100,3,0.01,0.01,1.0,2173.9550661285666,0.4110969653297717,0.41480525035211735,0.825902215681889,0.4459709056245826,0.9999995086854883,0.0968969119025097,1.0868969119025098,3,139.21099708899598,0.24722316701081581,0
E2-cost-ratio,E,Full model,100,4,0.01,0.01,1.0,2253.194541369541,109.49704499094254,84.90775828646937,194.40480327741193,0.3598248772856199,0.8202112149598231,3.0530648880351468,3.587984556228864,12,0.0,1.1221390420105308,61
E2-cost-ratio,E,ME,100,4,0.01,0.01,1.0,1978.3385207590493,49.00000000000001,0.0,49.00000000000001,0.8938439568058254,0.9433932508803862,0.5,1.0,18,175.37368225850287,1.5601749589841347,0
E2-cost-ratio,E,SingleSP,100,4,0.01,0.01,1.0,1929.3385207590493,361.82776863399783,0.0,361.82776863399783,0.6116674799281776,0.7486303416928154,0.01,1.0,18,200.8418409955586,0.029013207997195423,0
E2-cost-ratio,E,Coop,100,4,0.01,0.01,1.0,2178.4466236274156,92.97962455751903,149.75000000000003,242.72962455751906,0.8858307341447262,0.9682531259534072,1.0083333333333333,4.74375,18,12.114307803994663,308.906533958012,625
E2-cost-ratio,E,Rand,100,4,0.01,0.01,1.0,2325.637928449735,1.5205689665712627,0.567588822484192,2.0881577890554546,0.6097721605734114,1.0000002136089503,0.41258714791956985,1.40258714791957,2,164.2761293111092,0.1382026249775663,0
E2-cost-ratio,E,Full model,100,5,0.01,0.01,1.0,2182.94675019869,95.57876387450118,74.44894857124339,170.02771244574456,0.37065039001607003,0.9477304317773015,2.3720792430782676,2.861223714281085,12,0.0,0.5262942080153152,37
E2-cost-ratio,E,ME,100,5,0.01,0.01,1.0,1991.1942662957622,48.99999999999999,0.0,48.99999999999999,0.7007894503892754,0.9216290643606525,0.5,1.0,15,152.5900882718959,1.2913532910170034,0
E2-cost-ratio,E,SingleSP,100,5,0.01,0.01,1.0,1942.194266295762,256.20408083749805,0.0,256.20408083749805,0.22848283613967532,0.49247353071423144,0.01,1.0,15,178.09842743037598,0.024028624990023673,0
E2-cost-ratio,E,Coop,100,5,0.01,0.01,1.0,2145.760957520195,65.89393947407059,129.7833333333333,195.67727280740388,0.8832006372072836,0.9953135788924229,0.75875,4.244583333333333,15,7.7411418996606045,175.79546691701398,625
E2-cost-ratio,E,Rand,100,5,0.01,0.01,1.0,2233.2232350980316,13.401261891621196,4.750549405647678,18.151811297268875,0.059996509157829205,0.08802262971055241,3.2898065549553155,4.279806554955316,2,47.175391350806805,0.12349987498600967,0
E2-cost-ratio,E,Full model,100,6,0.01,0.01,1.0,2140.7235746973724,102.27465464100804,87.38819838355619,189.66285302456424,0.34293125528594465,0.6518911651625154,2.9923660883791094,4.351333897958658,12,0.0,0.4802829999825917,37
E2-cost-ratio,E,ME,100,6,0.01,0.01,1.0,1854.6455618516866,49.00000000000001,0.0,49.00000000000001,0.897938906594649,0.8406057690924001,0.5,1.0,19,178.44080638303015,1.4170492920093238,0
E2-cost-ratio,E,SingleSP,100,6,0.01,0.01,1.0,1805.6455618516868,362.92673186563195,0.0,362.92673186563195,1.786054102295579,0.5525844331638613,0.01,1.0,19,206.27475268534428,0.028937040973687544,0
E2-cost-ratio,E,Coop,100,6,0.01,0.01,1.0,2044.6977039576755,92.47452533478184,139.76666666666665,232.2411920014485,0.9262890684619215,0.9777881231418561,1.0083333333333333,4.494166666666667,19,8.855565216788037,295.2290645840112,625
E2-cost-ratio,E,Rand,100,6,0.01,0.01,1.0,2170.2849683780328,0.21084287725753806,0.08906382316275077,0.29990670042028883,0.9837278968792523,0.3182966301957973,0.024536412872086546,1.0145364128720866,6,165.00675596252518,0.27273733299807645,0
E2-cost-ratio,E,Full model,100,7,0.01,0.01,1.0,2210.1326219853413,100.28412445061879,72.18156756906225,172.46569201968106,0.37023750804187094,0.8895344753876808,2.7186430270397515,3.028633222383083,12,0.0,0.48216654200223275,43
E2-cost-ratio,E,ME,100,7,0.01,0.01,1.0,1988.338872242352,49.0,0.0,49.0,0.6746764049695606,0.9802589942746212,0.5,1.0,18,157.63864168166737,1.3471777499944437,0
E2-cost-ratio,E,SingleSP,100,7,0.01,0.01,1.0,1939.3141427863657,287.47850061678446,0.0,287.47850061678446,2.4457956160211882,0.9999992908869096,0.01,1.0,17,183.55038807219202,0.025560958980349824,0
E2-cost-ratio,E,Coop,100,7,0.01,0.01,1.0,2153.684250485203,72.71679516257016,135.006494154915,207.72328931748518,0.9711758953264799,0.9659420044472812,0.75875,4.494166666666667,17,7.618740841542106,478.561090290983,625
E2-cost-ratio,E,Rand,100,7,0.01,0.01,1.0,2267.79264340315,13.105016205720242,6.778429018616276,19.88344522433652,0.02284266960262492,0.027952167030951817,5.42894711008112,6.41894711008112,1,41.72054997236839,0.15977487500640564,0
E2-cost-ratio,E,Full model,100,8,0.01,0.01,1.0,2201.0367631704216,116.33562496627539,48.424667153900174,164.76029212017556,0.3642359067507468,0.9987291598793222,3.2039636595434824,2.212157136769477,13,0.0,2.501704084017547,61
E2-cost-ratio,E,ME,100,8,0.01,0.01,1.0,1982.8805736030426,49.00000000000001,0.0,49.00000000000001,0.8758605415557597,0.8891129463423857,0.5,1.0,18,145.50679725388954,3.7588571250089444,0
E2-cost-ratio,E,SingleSP,100,8,0.01,0.01,1.0,1933.8805736030426,325.4354729284692,0.0,325.4354729284692,0.596626985614237,0.9996371636365835,0.01,1.0,18,175.0943863539973,0.08673845799057744,0
E2-cost-ratio,E,Coop,100,8,0.01,0.01,1.0,2176.8404013874056,78.67978830480318,121.83321411383922,200.5130024186424,0.7881114020514509,0.813577389741831,1.0083333333333333,4.74375,16,2.332299878229861,568.9930017919978,625
E2-cost-ratio,E,Rand,100,8,0.01,0.01,1.0,2298.9897467996143,14.415921773018965,4.036821443865958,18.452743216884922,0.5548581652608854,0.9972771661458584,1.7924070363079643,2.7824070363079643,3,94.82082997476695,0.3061707080050837,0
E2-cost-ratio,E,Full model,100,9,0.01,0.01,1.0,2111.2421857886247,91.46950435203074,54.81021018106925,146.2797145331,0.3596682476788736,0.7184288348798359,2.5531631772426686,2.9072943456618354,11,0.0,1.972060917003546,67
E2-cost-ratio,E,ME,100,9,0.01,0.01,1.0,1909.6220717698307,48.99999999999999,0.0,48.99999999999999,0.8655942622773368,0.8110365219189706,0.5,1.0,16,122.59183970163285,2.3053084169805516,0
E2-cost-ratio,E,SingleSP,100,9,0.01,0.01,1.0,1860.386540326733,328.50017240537227,0.0,328.50017240537227,0.7498885694799909,0.9504223604504174,0.01,1.0,16,148.81675751610632,0.04790187501930632,0
E2-cost-ratio,E,Coop,100,9,0.01,0.01,1.0,2034.5374504431866,65.71162973194461,98.84874567034339,164.560375402288,0.877617759358192,0.9901376861804014,0.75875,3.4958333333333336,15,22.968883051957278,443.31962045899127,625
E2-cost-ratio,E,Rand,100,9,0.01,0.01,1.0,2229.8867127321055,1.255973948440314,0.5308043518746924,1.7867783003150066,0.7088296642050891,0.8867707884715846,0.8634891760168052,1.8534891760168053,1,119.7937508481249,0.1596983750059735,0
E2-cost-ratio,E,Full model,100,10,0.01,0.01,1.0,2116.851106753871,99.5725145607457,34.44121909210379,134.0137336528495,0.2851490944939032,0.9713823804784232,3.187584087555393,1.8610304773025947,11,0.0,1.6909595420002006,79
E2-cost-ratio,E,ME,100,10,0.01,0.01,1.0,1937.5711769322031,49.0,0.0,49.0,0.6528923409045936,0.756102834366461,0.5,1.0,16,124.92604996673452,2.382008208980551,0
E2-cost-ratio,E,SingleSP,100,10,0.01,0.01,1.0,1884.4560814115816,242.80889001287835,0.0,242.80889001287835,1.751665471138732,0.6048764271372591,0.01,1.0,16,152.45552199216814,0.04848716699052602,0
E2-cost-ratio,E,Coop,100,10,0.01,0.01,1.0,2068.7611212509214,69.53017517174271,109.81666666666668,179.34684183840938,0.9286166967845436,0.9910202475176545,0.75875,3.745416666666667,16,3.9399596074710104,369.90511466699536,625
E2-cost-ratio,E,Rand,100,10,0.01,0.01,1.0,2159.2151761914374,5.2518542840747955,3.780522225682657,9.032376509757452,0.5906835462859333,0.9917560597907183,1.2752044077766236,2.265204407776624,2,90.20984089302733,0.44785737499478273,0
E2-cost-ratio,E,Full model,100,1,0.1,0.01,0.09999999999999999,2245.4702023577447,109.20299150441947,84.04945097653365,193.2524424809531,0.23514212112444555,0.8069066729532519,4.654127176458759,2.7040635737003953,10,0.0,1.7011209170159418,55
E2-cost-ratio,E,ME,100,1,0.1,0.01,0.09999999999999999,1951.5254066771042,49.0,15.999999999999998,65.0,0.6594990107736669,0.5369842794488204,0.5,0.5,17,188.76740702241702,3.8059332499979064,0
E2-cost-ratio,E,SingleSP,100,1,0.1,0.01,0.09999999999999999,1886.5254066771042,414.9833092920941,0.0,414.9833092920941,0.12528473292430112,0.6185834289476024,0.01,0.09999999999999999,17,237.1523304648621,0.05250512500060722,0
E2-cost-ratio,E,Coop,100,1,0.1,0.01,0.09999999999999999,2162.3896735391972,79.32453174339899,176.73930436493282,256.0638361083318,0.7945696001008247,0.9835242313017964,1.0083333333333333,4.5925,16,12.665397224760724,628.3559742080106,625
E2-cost-ratio,E,Rand,100,1,0.1,0.01,0.09999999999999999,2299.7701613406166,10.993957569395207,3.551733539674309,14.545691109069516,0.5183626777982628,0.9101574969426519,1.3583258935721116,1.4483258935721117,2,151.00842390810377,0.23967812498449348,0
E2-cost-ratio,E,Full model,100,2,0.1,0.01,0.09999999999999999,2156.257257612897,82.28931874897374,94.46241153282254,176.75173028179628,0.3206281138978315,0.58029365588368,2.576503534222059,4.169595220241282,10,0.0,1.1415220419876277,61
E2-cost-ratio,E,ME,100,2,0.1,0.01,0.09999999999999999,1890.9110238217286,49.0,15.999999999999998,65.0,0.7196030133550879,0.8437538926022186,0.5,0.5,17,157.76021209029662,2.503095416992437,0
E2-cost-ratio,E,SingleSP,100,2,0.1,0.01,0.09999999999999999,1825.9110238217286,376.92281736590695,0.0,376.92281736590695,1.7057717558307366,0.7347218056217644,0.01,0.09999999999999999,17,201.54340431811116,0.05247170900111087,0
E2-cost-ratio,E,Coop,100,2,0.1,0.01,0.09999999999999999,2050.4848319113503,72.93014086200803,149.75,222.68014086200805,0.974025253582745,0.9995703687539542,0.75875,3.8437500000000004,17,16.65436176051216,484.5454134159954,625
E2-cost-ratio,E,Rand,100,2,0.1,0.01,0.09999999999999999,2204.2819598022324,14.431760900119839,4.81583355799035,19.24759445811019,0.30217042811779493,0.6851649693670405,2.900881733308327,2.9908817333083273,2,86.72266938089655,0.23693462501978502,0
E2-cost-ratio,E,Full model,100,3,0.1,0.01,0.09999999999999999,2117.551574121773,78.08410048033903,91.54515333041051,169.62925381074956,0.3170796736609716,0.8333047585479015,2.4726018936750966,2.8464487749336476,10,0.0,0.9222765830054414,49
E2-cost-ratio,E,ME,100,3,0.1,0.01,0.09999999999999999,1912.4205800881252,49.0,15.999999999999998,65.0,0.5746454666966787,0.8911641045215539,0.5,0.5,16,158.82625189086684,2.34606308300863,0
E2-cost-ratio,E,SingleSP,100,3,0.1,0.01,0.09999999999999999,1847.4205800881252,345.1843355614284,0.0,345.1843355614284,0.13778320833696608,0.6869820759972886,0.01,0.09999999999999999,16,207.0423236716695,0.048928167001577094,0
E2-cost-ratio,E,Coop,100,3,0.1,0.01,0.09999999999999999,2080.8491469834858,64.14835355655222,152.520052801298,216.66840635785022,0.8567392795532852,0.9548417328962729,0.75875,4.093333333333334,15,8.519315436740115,465.9163963330211,625
E2-cost-ratio,E,Rand,100,3,0.1,0.01,0.09999999999999999,2174.9373298960177,3.038468509229782,3.0658769024165466,6.104345411646328,0.39224409999878435,0.9922831814396481,0.6522658220142522,0.7422658220142522,3,118.90810119030137,0.3145019579969812,0
E2-cost-ratio,E,Full model,100,4,0.1,0.01,0.09999999999999999,2233.407571388074,130.2901278151474,110.31227427360088,240.60240208874828,0.37993504386021776,0.9520422492340701,3.2236814378940566,2.857806856840022,14,0.0,1.5960749580117408,49
E2-cost-ratio,E,ME,100,4,0.1,0.01,0.09999999999999999,1958.3385207590493,49.00000000000001,16.000000000000004,65.00000000000001,0.7312277310000482,0.5162679823781657,0.5,0.5,18,192.63174636617396,2.6115827500179876,0
E2-cost-ratio,E,SingleSP,100,4,0.1,0.01,0.09999999999999999,1893.3385207590493,433.82776863399783,0.0,433.82776863399783,1.7025512361163695,0.6916475425662072,0.01,0.09999999999999999,18,235.52164017162784,0.05478558302274905,0
E2-cost-ratio,E,Coop,100,4,0.1,0.01,0.09999999999999999,2172.3966236274155,92.97962455751903,179.70000000000005,272.6796245575191,0.8858307341447262,0.9840682543995916,1.0083333333333333,4.5925,18,13.765436775187482,612.0437256250007,625
E2-cost-ratio,E,Rand,100,4,0.1,0.01,0.09999999999999999,2323.490512722435,1.474150117518613,0.652824664625573,2.126974782144186,0.7857199408107363,1.0000183488926553,0.24320721184884145,0.33320721184884144,3,185.98006639347443,0.4363357079855632,0
E2-cost-ratio,E,Full model,100,5,0.1,0.01,0.09999999999999999,2182.6140089010123,94.72792005899325,111.70147608833291,206.42939614732614,0.40824178977466,0.999022254783719,2.33038763379126,2.895269964043881,12,0.0,1.6433853750058915,55
E2-cost-ratio,E,ME,100,5,0.1,0.01,0.09999999999999999,1971.194266295762,48.99999999999999,16.0,65.0,0.4529870250089092,0.706851680050331,0.5,0.5,15,171.74985286487865,4.408797166979639,0
E2-cost-ratio,E,SingleSP,100,5,0.1,0.01,0.09999999999999999,1906.194266295762,328.2040808374981,0.0,328.2040808374981,0.1428967350273275,0.7151684239398846,0.01,0.09999999999999999,15,214.098427430376,0.04714533398509957,0
E2-cost-ratio,E,Coop,100,5,0.1,0.01,0.09999999999999999,2149.6942908535284,65.89393947407059,169.71666666666667,235.61060614073727,0.816019473099754,0.918222449550602,0.75875,4.3429166666666665,15,4.008177703477145,401.35529716601013,625
E2-cost-ratio,E,Rand,100,5,0.1,0.01,0.09999999999999999,2233.4751252649394,14.549647583766566,5.157635172002737,19.707282755769302,0.05758703205565588,0.09517322699905592,3.570860902760441,3.6608609027604415,2,59.26922605637522,0.23762162498314865,0
E2-cost-ratio,E,Full model,100,6,0.1,0.01,0.09999999999999999,2112.1619537700262,116.2418016000768,101.13283058325246,217.37463218332925,0.3570144242997402,0.8641251927564513,3.265941320244337,3.025873225054675,13,0.0,1.0004423329955898,37
E2-cost-ratio,E,ME,100,6,0.1,0.01,0.09999999999999999,1834.6455618516866,49.00000000000001,16.0,65.0,0.7678656518112053,0.5122358009856726,0.5,0.5,19,196.70798142025927,2.696775709016947,0
E2-cost-ratio,E,SingleSP,100,6,0.1,0.01,0.09999999999999999,1769.6455618516866,434.9267318656319,0.0,434.9267318656319,0.13355192822780096,0.6752503492179773,0.01,0.09999999999999999,19,237.11866549956406,0.058191874995827675,0
E2-cost-ratio,E,Coop,100,6,0.1,0.01,0.09999999999999999,2048.631037291009,92.47452533478184,179.70000000000002,272.17452533478183,0.9262890684619215,0.9901398060294262,1.0083333333333333,4.5925,19,7.494176248905134,662.1213738330116,625
E2-cost-ratio,E,Rand,100,6,0.1,0.01,0.09999999999999999,2171.100725817679,4.661018079406649,1.968897860730622,6.629915940137271,0.566191664491,0.5181415735654474,0.3313505909604663,0.4213505909604663,6,152.5281581828294,0.5223747090203688,0
E2-cost-ratio,E,Full model,100,7,0.1,0.01,0.09999999999999999,2205.2782685119196,100.77136212755897,83.47868847461734,184.25005060217632,0.3028306460950832,0.9370216488155336,3.3376474302379098,2.327234786414507,11,0.0,0.7897971669735853,37
E2-cost-ratio,E,ME,100,7,0.1,0.01,0.09999999999999999,1968.338872242352,49.0,15.999999999999998,65.0,0.5830400566392748,0.9292681813657456,0.5,0.5,18,176.50226905216695,2.5407935829716735,0
E2-cost-ratio,E,SingleSP,100,7,0.1,0.01,0.09999999999999999,1903.3141427863654,359.47850061678446,0.0,359.47850061678446,0.14681677636044746,0.7055328115830873,0.01,0.09999999999999999,17,214.90058636687507,0.052305999997770414,0
E2-cost-ratio,E,Coop,100,7,0.1,0.01,0.09999999999999999,2147.790287003281,72.71679516257016,166.7667190024714,239.48351416504158,0.9711758953264799,0.9826183973434434,0.75875,4.3429166666666665,17,9.435464095359976,462.4852598749858,625
E2-cost-ratio,E,Rand,100,7,0.1,0.01,0.09999999999999999,2246.822070090435,0.2712316523246372,0.12611084747834636,0.39734249980298353,0.13803993894850128,0.8443312367561671,0.04805420169317341,0.1380542016931734,3,147.8454387751509,0.31035220899502747,0
E2-cost-ratio,E,Full model,100,8,0.1,0.01,0.09999999999999999,2198.349954290277,110.9348499579029,102.4884477167851,213.423297674688,0.4445897395449477,0.9241429615561735,2.5052184022836066,2.8725268703070523,14,0.0,1.870879625028465,37
E2-cost-ratio,E,ME,100,8,0.1,0.01,0.09999999999999999,1962.8805736030426,49.00000000000001,16.0,65.0,0.7679767356247588,0.7894790527338676,0.5,0.5,18,164.9528315832447,2.6065347910043783,0
E2-cost-ratio,E,SingleSP,100,8,0.1,0.01,0.09999999999999999,1897.8805736030426,397.4354729284692,0.0,397.4354729284692,0.13292425961799217,0.6931594661755065,0.01,0.09999999999999999,18,211.0943863539973,0.05560824999702163,0
E2-cost-ratio,E,Coop,100,8,0.1,0.01,0.09999999999999999,2132.488906936376,74.87500000000001,159.73333333333335,234.60833333333335,0.9628677056199438,0.9345260654499233,0.75875,4.093333333333334,18,16.792992280894794,503.99647187502705,625
E2-cost-ratio,E,Rand,100,8,0.1,0.01,0.09999999999999999,2298.3658416547637,15.52092187172692,4.346249322580378,19.867171194307296,0.4778060134911314,0.8994692864750169,1.9290309707374858,2.019030970737486,3,110.48049057087958,0.3129535829939414,0
E2-cost-ratio,E,Full model,100,9,0.1,0.01,0.09999999999999999,2108.3170667721065,109.1028750791019,74.61742090983185,183.72029598893374,0.3528398958746433,0.886813751660325,3.1021354516515296,2.2035257056549473,12,0.0,2.2197346659959294,73
E2-cost-ratio,E,ME,100,9,0.1,0.01,0.09999999999999999,1889.6220717698307,48.99999999999999,16.0,65.0,0.7711036388432418,0.7947878780148461,0.5,0.5,16,142.59183970163284,2.446794832998421,0
E2-cost-ratio,E,SingleSP,100,9,0.1,0.01,0.09999999999999999,1824.386540326733,400.50017240537227,0.0,400.50017240537227,0.08420253226425282,0.9874683344082446,0.01,0.09999999999999999,16,183.19775173146527,0.049760458001401275,0
E2-cost-ratio,E,Coop,100,9,0.1,0.01,0.09999999999999999,2038.4049834282805,65.71162973194461,136.4820232379262,202.1936529698708,0.877617759358192,0.9764990930450244,0.75875,3.594166666666667,15,20.894633879080956,476.44936612498714,625
E2-cost-ratio,E,Rand,100,9,0.1,0.01,0.09999999999999999,2229.8867127321055,1.6494233855561629,0.6970854070853414,2.3465087926415045,0.5775041865920241,0.8642548307908431,1.1308552597682149,1.220855259768215,1,133.29671254931787,0.15886387499631383,0
E2-cost-ratio,E,Full model,100,10,0.1,0.01,0.09999999999999999,2106.6494326208217,98.68459584524288,81.20104221343466,179.88563805867756,0.34908643558655356,0.9528550693150711,2.568505783998726,2.130026055335867,12,0.0,1.1021947920089588,49
E2-cost-ratio,E,ME,100,10,0.1,0.01,0.09999999999999999,1917.5711769322031,49.0,16.0,65.0,0.44152253384250445,0.9400914470623529,0.5,0.5,16,144.80513590462022,2.3458863330015447,0
E2-cost-ratio,E,SingleSP,100,10,0.1,0.01,0.09999999999999999,1848.4560814115816,314.80889001287835,0.0,314.80889001287835,0.1586151750615389,0.7500333229621434,0.01,0.09999999999999999,16,188.45552199216814,0.04883549999794923,0
E2-cost-ratio,E,Coop,100,10,0.1,0.01,0.09999999999999999,2074.25952426006,80.4191262211872,129.78333333333333,210.20245955452054,0.754503312442192,0.9419523654973434,1.0083333333333333,3.3445833333333335,16,4.65970867370757,376.31051845799084,625
E2-cost-ratio,E,Rand,100,10,0.1,0.01,0.09999999999999999,2159.239660239211,6.829757380074347,4.916368233917949,11.746125613992296,0.4785105388295002,0.9461227474216924,1.6553310914427353,1.7453310914427353,2,100.90926548714863,0.23599720900529064,0
E2-cost-ratio,E,Full model,100,1,1.0,0.01,0.01,2245.4702023577447,109.20299150441947,86.95431499916536,196.15730650358483,0.23514212112444555,0.8069066729532519,4.654127176458759,2.7040635737003953,10,0.0,1.4527362090011593,55
E2-cost-ratio,E,ME,100,1,1.0,0.01,0.01,1951.5254066771042,49.0,19.599999999999998,68.6,0.6594990107736669,0.5369842794488204,0.5,0.5,17,188.67048982300122,2.4645507499808446,0
E2-cost-ratio,E,SingleSP,100,1,1.0,0.01,0.01,1882.9254066771043,422.1833092920941,0.0,422.1833092920941,0.18681565132469302,0.278166161100569,0.01,0.01,17,240.6522764131358,0.05233654100447893,0
E2-cost-ratio,E,Coop,100,1,1.0,0.01,0.01,2158.83146735916,79.32453174339899,178.49697604976015,257.8215077931591,0.7945696001008247,0.99330537590295,1.0083333333333333,4.5025,16,13.790679755420143,535.1296399999992,625
E2-cost-ratio,E,Rand,100,1,1.0,0.01,0.01,2299.7411846644113,11.151243850163866,3.602546811893205,14.753790662057071,0.5128719864821238,0.8928652239763043,1.3776158684265172,1.3776158684265172,2,144.9995561807067,0.23471787499147467,0
E2-cost-ratio,E,Full model,100,2,1.0,0.01,0.01,2086.1774342554536,93.35073127192017,112.88409582520725,206.23482709712744,0.5515671789986206,0.9480249528719804,1.7024634899668971,2.98682290648659,14,0.0,2.5235729580163024,103
E2-cost-ratio,E,ME,100,2,1.0,0.01,0.01,1890.9110238217286,49.0,19.599999999999998,68.6,0.7196030133550879,0.8437538926022186,0.5,0.5,17,157.76021209029662,2.6229296250094194,0
E2-cost-ratio,E,SingleSP,100,2,1.0,0.01,0.01,1822.3110238217284,384.12281736590694,0.0,384.12281736590694,0.20420520690742439,0.30416706535535987,0.01,0.01,17,204.52542466412388,0.05171475000679493,0
E2-cost-ratio,E,Coop,100,2,1.0,0.01,0.01,2082.5538734430347,68.37387666469496,156.25357177730365,224.6274484419986,0.9131736449374954,0.8237601534696617,0.75875,4.752083333333333,16,6.648857373043867,476.5157357919961,625
E2-cost-ratio,E,Rand,100,2,1.0,0.01,0.01,2204.251255955978,14.52115487584897,4.845664048612942,19.36681892446191,0.30124208992627677,0.6935750328360095,2.918788585652382,2.918788585652382,2,88.63866638327443,0.23461733298609033,0
E2-cost-ratio,E,Full model,100,3,1.0,0.01,0.01,2117.551574121773,78.08410048033903,94.54505046118298,172.62915094152203,0.3170796736609716,0.8333047585479015,2.4726018936750966,2.8464487749336476,10,0.0,0.9210032080009114,49
E2-cost-ratio,E,ME,100,3,1.0,0.01,0.01,1912.4205800881252,49.0,19.599999999999998,68.6,0.5746454666966787,0.8911641045215539,0.5,0.5,16,158.8262518908668,2.2929297079972457,0
E2-cost-ratio,E,SingleSP,100,3,1.0,0.01,0.01,1843.820580088125,352.38433556142843,0.0,352.38433556142843,0.7849937017463513,0.2193207155812821,0.01,0.01,16,210.6423236716695,0.04911983400234021,0
E2-cost-ratio,E,Coop,100,3,1.0,0.01,0.01,2063.4539134214583,49.916666666666664,169.71666666666664,219.6333333333333,0.9776006612624912,0.9007731564371186,0.5091666666666667,4.252916666666667,16,21.689125245339177,464.01043495800695,625
E2-cost-ratio,E,Rand,100,3,1.0,0.01,0.01,2175.0355562727627,3.3012056636197875,3.3309840676229943,6.632189731242782,0.3765413016852526,0.8420027240807961,0.7078027130254274,0.7078027130254274,3,119.25388863215305,0.5656185419938993,0
E2-cost-ratio,E,Full model,100,4,1.0,0.01,0.01,2233.407571388074,130.2901278151474,113.9122742736009,244.2024020887483,0.37993504386021776,0.9520422492340701,3.2236814378940566,2.857806856840022,14,0.0,2.919290791003732,49
E2-cost-ratio,E,ME,100,4,1.0,0.01,0.01,1958.3385207590493,49.00000000000001,19.6,68.60000000000001,0.7312277310000482,0.5162679823781657,0.5,0.5,18,192.35755277694105,3.8488412919978146,0
E2-cost-ratio,E,SingleSP,100,4,1.0,0.01,0.01,1889.7385207590494,441.0277686339978,0.0,441.0277686339978,0.20091740067769087,0.27948155066901564,0.01,0.01,18,239.12164017162783,0.054169499984709546,0
E2-cost-ratio,E,Coop,100,4,1.0,0.01,0.01,2178.7799569607487,92.97962455751903,189.68333333333337,282.6629578908524,0.8858307341447262,0.967403780942622,1.0083333333333333,4.752083333333333,18,12.024098927409327,612.5330487500178,625
E2-cost-ratio,E,Rand,100,4,1.0,0.01,0.01,2323.5285173524703,1.6751030773550468,0.7418163127974423,2.416919390152489,0.7938270553901648,0.23340773194366835,0.27499751523742105,0.27499751523742105,3,186.42879253980934,0.3104931249981746,0
E2-cost-ratio,E,Full model,100,5,1.0,0.01,0.01,2182.6140089010123,94.72792005899325,115.2979562055543,210.02587626454755,0.40824178977466,0.999022254783719,2.33038763379126,2.895269964043881,12,0.0,1.4986813750001602,55
E2-cost-ratio,E,ME,100,5,1.0,0.01,0.01,1971.194266295762,48.99999999999999,19.6,68.6,0.4529870250089092,0.706851680050331,0.5,0.5,15,171.6658293241769,2.267314750002697,0
E2-cost-ratio,E,SingleSP,100,5,1.0,0.01,0.01,1902.594266295762,335.4040808374981,0.0,335.4040808374981,0.09367084484022406,0.8441457586547619,0.01,0.01,15,217.698427430376,0.047214874997735023,0
E2-cost-ratio,E,Coop,100,5,1.0,0.01,0.01,2146.0942908535285,65.89393947407059,169.71666666666667,235.61060614073727,0.8832006372072836,0.994337972326963,0.75875,4.252916666666667,15,7.424789001678846,387.672628291999,625
E2-cost-ratio,E,Rand,100,5,1.0,0.01,0.01,2233.50031428163,14.664486152981102,5.198343748638243,19.862829901619346,0.05736173391751941,0.09598812682387887,3.5989663375409533,3.5989663375409533,2,60.73577735819727,0.23559333398588933,0
E2-cost-ratio,E,Full model,100,6,1.0,0.01,0.01,2112.1619537700262,116.2418016000768,104.2436812771757,220.48548287725248,0.3570144242997402,0.8641251927564513,3.265941320244337,3.025873225054675,13,0.0,1.0139242909790482,37
E2-cost-ratio,E,ME,100,6,1.0,0.01,0.01,1834.6455618516866,49.00000000000001,19.6,68.60000000000001,0.7678656518112053,0.5122358009856726,0.5,0.5,19,196.53469892398218,2.7772101250011474,0
E2-cost-ratio,E,SingleSP,100,6,1.0,0.01,0.01,1766.0455618516867,442.1267318656319,0.0,442.1267318656319,0.11382472264580049,0.044823538008447975,0.01,0.01,19,240.20305678098603,0.05789062500116415,0
E2-cost-ratio,E,Coop,100,6,1.0,0.01,0.01,2045.0310372910087,92.47452533478184,179.70000000000002,272.17452533478183,0.9262890684619215,0.9788449371851584,1.0083333333333333,4.5025,19,8.739622657894927,610.1393130000215,625
E2-cost-ratio,E,Rand,100,6,1.0,0.01,0.01,2171.1823015616437,5.106035599621558,2.1568812644874082,7.262916864108966,0.8646887436117429,0.6391837882227989,0.3620320087693042,0.3620320087693042,6,153.9180746819007,0.5159642910002731,0
E2-cost-ratio,E,Full model,100,7,1.0,0.01,0.01,2205.2782685119196,100.77136212755897,86.85196641035328,187.62332853791224,0.3028306460950832,0.9370216488155336,3.3376474302379098,2.327234786414507,11,0.0,0.7869718750007451,37
E2-cost-ratio,E,ME,100,7,1.0,0.01,0.01,1968.338872242352,49.0,19.599999999999998,68.6,0.5830400566392748,0.9292681813657456,0.5,0.5,18,176.38863178921693,2.5357913750049192,0
E2-cost-ratio,E,SingleSP,100,7,1.0,0.01,0.01,1899.7141427863655,366.6785006167845,0.0,366.6785006167845,0.1999134761440575,0.3065826419745475,0.01,0.01,17,218.03560619634337,0.05193512499681674,0
E2-cost-ratio,E,Coop,100,7,1.0,0.01,0.01,2154.006082032966,72.71679516257016,173.41907102816106,246.13586619073124,0.9711758953264799,0.9650476963169787,0.75875,4.5025,17,7.519528430447835,538.6352403330093,625
E2-cost-ratio,E,Rand,100,7,1.0,0.01,0.01,2246.7891619541206,0.4523633613338243,0.21032916467168566,0.66269252600551,0.6457444777373641,0.6510489101437227,0.07346724817424849,0.07346724817424849,3,141.5729812019598,0.3070957080053631,0
E2-cost-ratio,E,Full model,100,8,1.0,0.01,0.01,2198.349954290277,110.9348499579029,105.81536237838735,216.75021233629025,0.4445897395449477,0.9241429615561735,2.5052184022836066,2.8725268703070523,14,0.0,1.8722171660047024,37
E2-cost-ratio,E,ME,100,8,1.0,0.01,0.01,1962.8805736030426,49.00000000000001,19.6,68.60000000000001,0.7679767356247588,0.7894790527338676,0.5,0.5,18,164.95283158324472,2.550411375006661,0
E2-cost-ratio,E,SingleSP,100,8,1.0,0.01,0.01,1894.2805736030427,404.6354729284692,0.0,404.6354729284692,0.0636280046637045,0.1526597840498568,0.01,0.01,18,214.6943863539973,0.07328354200581089,0
E2-cost-ratio,E,Coop,100,8,1.0,0.01,0.01,2128.888906936376,74.87500000000001,159.73333333333335,234.60833333333335,0.9628677056199438,0.9449723447233056,0.75875,4.003333333333334,18,18.386559379771754,417.018428084004,625
E2-cost-ratio,E,Rand,100,8,1.0,0.01,0.01,2298.275422711044,15.609525102429679,4.371060460385394,19.980585562815072,0.5077923772747016,0.9694061660613092,1.9399860122763344,1.9399860122763344,3,112.13906866782332,0.22582395901554264,0
E2-cost-ratio,E,Full model,100,9,1.0,0.01,0.01,2108.3170667721065,109.1028750791019,77.80995041580903,186.91282549491092,0.3528398958746433,0.886813751660325,3.1021354516515296,2.2035257056549473,12,0.0,1.7626968330005184,73
E2-cost-ratio,E,ME,100,9,1.0,0.01,0.01,1889.6220717698307,48.99999999999999,19.6,68.6,0.7711036388432418,0.7947878780148461,0.5,0.5,16,142.59183970163286,1.7423979999730363,0
E2-cost-ratio,E,SingleSP,100,9,1.0,0.01,0.01,1820.7865403267328,407.7001724053723,0.0,407.7001724053723,0.14932539866149253,0.2163179901779443,0.01,0.01,16,186.79775173146527,0.05772670800797641,0
E2-cost-ratio,E,Coop,100,9,1.0,0.01,0.01,2034.8672998826203,65.71162973194461,138.223593976623,203.9352237085676,0.877617759358192,0.9889596516333625,0.75875,3.504166666666667,15,22.79199561994757,363.4609919579816,625
E2-cost-ratio,E,Rand,100,9,1.0,0.01,0.01,2229.8867127321055,1.688768329267749,0.7137135126064068,2.4024818418741556,0.5285858203191954,0.8076814946563214,1.1575918681433566,1.1575918681433566,1,134.35306682535176,0.12563287498778664,0
E2-cost-ratio,E,Full model,100,10,1.0,0.01,0.01,2106.6494326208217,98.68459584524288,84.80104221343467,183.48563805867755,0.34908643558655356,0.9528550693150711,2.568505783998726,2.130026055335867,12,0.0,0.8630185830115806,49
E2-cost-ratio,E,ME,100,10,1.0,0.01,0.01,1917.5711769322031,49.0,19.6,68.6,0.44152253384250445,0.9400914470623529,0.5,0.5,16,144.80513590462022,1.8095116670010611,0
E2-cost-ratio,E,SingleSP,100,10,1.0,0.01,0.01,1862.2755524068655,304.58941901759454,0.0,304.58941901759454,0.22302769873793288,0.24492004868804584,0.01,0.01,16,192.1876294739285,0.0356481249909848,0
E2-cost-ratio,E,Coop,100,10,1.0,0.01,0.01,2069.094454584255,69.53017517174271,149.75,219.2801751717427,0.9286166967845436,0.9928245092819884,0.75875,3.75375,16,3.8043933671132493,286.2557774579909,625
E2-cost-ratio,E,Rand,100,10,1.0,0.01,0.01,2159.242108643988,6.987547689674302,5.029952834741478,12.01750052441578,0.4008512099128136,0.9100930797138289,1.6933437598093464,1.6933437598093464,2,102.517822058639,0.18809412501286715,0
E2-cost-ratio,E,Full model,100,1,10.0,0.01,0.001,2245.4702023577447,109.20299150441947,87.24480140142853,196.44779290584802,0.23514212112444555,0.8069066729532519,4.654127176458759,2.7040635737003953,10,0.0,1.0660180000122637,55
E2-cost-ratio,E,ME,100,1,10.0,0.01,0.001,1951.5254066771042,49.0,19.959999999999997,68.96,0.6594990107736669,0.5369842794488204,0.5,0.5,17,188.6607981030596,1.8026206249778625,0
E2-cost-ratio,E,SingleSP,100,1,10.0,0.01,0.001,1882.5654066771044,422.90330929209404,0.0,422.90330929209404,0.587789839231441,0.017063886609061628,0.01,0.001,17,241.00227100796317,0.03786966699408367,0
E2-cost-ratio,E,Coop,100,1,10.0,0.01,0.001,2158.742058704056,79.32453174339899,178.80985172627268,258.13438346967166,0.7945696001008247,0.9935536574221964,1.0083333333333333,4.50025,16,13.818953777954661,401.6580865829892,625
E2-cost-ratio,E,Rand,100,1,10.0,0.01,0.001,2299.738286996791,11.166972478240734,3.6076281391150955,14.77460061735583,0.5125132903353956,0.8889700508893323,1.379544865911958,1.370544865911958,2,145.11923261368466,0.17019129198160954,0
E2-cost-ratio,E,Full model,100,2,10.0,0.01,0.001,2086.1774342554536,93.35073127192017,113.22538480824117,206.57611608016134,0.5515671789986206,0.9480249528719804,1.7024634899668971,2.98682290648659,14,0.0,1.9176208330027293,103
E2-cost-ratio,E,ME,100,2,10.0,0.01,0.001,1890.9110238217286,49.0,19.959999999999997,68.96,0.7196030133550879,0.8437538926022186,0.5,0.5,17,157.7602120902966,1.8678446249978151,0
E2-cost-ratio,E,SingleSP,100,2,10.0,0.01,0.001,1821.9510238217285,384.84281736590685,0.0,384.84281736590685,0.5570641380534842,0.017489625878851372,0.01,0.001,17,204.82362669872512,0.05360529100289568,0
E2-cost-ratio,E,Coop,100,2,10.0,0.01,0.001,2082.4920853360854,68.37387666469496,156.51922487663546,224.89310154133042,0.9131736449374954,0.8239227145399785,0.75875,4.750208333333333,16,6.665109101624651,358.9096704580006,625
E2-cost-ratio,E,Rand,100,2,10.0,0.01,0.001,2204.2481855713527,14.530094273421884,4.848647097675202,19.378741371097085,0.3011497259767941,0.6944331769662628,2.9205792708867877,2.911579270886788,2,88.83024575900373,0.17085637501440942,0
E2-cost-ratio,E,Full model,100,3,10.0,0.01,0.001,2117.551574121773,78.08410048033903,94.84504017426022,172.92914065459925,0.3170796736609716,0.8333047585479015,2.4726018936750966,2.8464487749336476,10,0.0,0.7500819999841042,49
E2-cost-ratio,E,ME,100,3,10.0,0.01,0.001,1912.4205800881252,49.0,19.959999999999997,68.96,0.5746454666966787,0.8911641045215539,0.5,0.5,16,158.82625189086679,1.8749517089745495,0
E2-cost-ratio,E,SingleSP,100,3,10.0,0.01,0.001,1843.4605800881252,353.1043355614284,0.0,353.1043355614284,0.5987033755536805,0.08183264318927666,0.01,0.001,16,211.00232367166944,0.05268741701729596,0
E2-cost-ratio,E,Coop,100,3,10.0,0.01,0.001,2063.3489134214587,49.916666666666664,169.9716666666666,219.88833333333326,0.9776006612624912,0.9010512743579147,0.5091666666666667,4.250291666666667,16,21.7064298850647,322.4464946250082,625
E2-cost-ratio,E,Rand,100,3,10.0,0.01,0.001,2175.045378910437,3.327479379058786,3.3574947841436367,6.684974163202423,0.3750726954060351,0.823741756993582,0.7133564021265445,0.7043564021265445,3,119.29227391558354,0.16045729198958725,0
E2-cost-ratio,E,Full model,100,4,10.0,0.01,0.001,2233.407571388074,130.2901278151474,114.27227427360089,244.56240208874829,0.37993504386021776,0.9520422492340701,3.2236814378940566,2.857806856840022,14,0.0,0.9624267090111971,49
E2-cost-ratio,E,ME,100,4,10.0,0.01,0.001,1958.3385207590493,49.00000000000001,19.960000000000004,68.96000000000001,0.7312277310000482,0.5162679823781657,0.5,0.5,18,192.33013341801774,1.3640875839919318,0
E2-cost-ratio,E,SingleSP,100,4,10.0,0.01,0.001,1889.3785207590493,441.7477686339978,0.0,441.7477686339978,0.541424395555739,0.017161228930682806,0.01,0.001,18,239.48164017162782,0.028394708991982043,0
E2-cost-ratio,E,Coop,100,4,10.0,0.01,0.001,2178.704956960749,92.97962455751903,189.96833333333333,282.94795789085236,0.8858307341447262,0.9675946886885187,1.0083333333333333,4.750208333333333,18,12.044389099213362,322.84325629100204,625
E2-cost-ratio,E,Rand,100,4,10.0,0.01,0.001,2323.532317815474,1.69519837333869,0.7507154776146291,2.445913850953319,0.9947995253349484,0.39811448159957263,0.27817654557627897,0.26917654557627896,3,175.42480106557034,0.2372699580155313,0
E2-cost-ratio,E,Full model,100,5,10.0,0.01,0.001,2182.6140089010123,94.72792005899325,115.65760421727644,210.38552427626968,0.40824178977466,0.999022254783719,2.33038763379126,2.895269964043881,12,0.0,1.132508417009376,55
E2-cost-ratio,E,ME,100,5,10.0,0.01,0.001,1971.194266295762,48.99999999999999,19.96,68.96,0.4529870250089092,0.706851680050331,0.5,0.5,15,171.6574269701067,1.7089839999971446,0
E2-cost-ratio,E,SingleSP,100,5,10.0,0.01,0.001,1902.234266295762,336.124080837498,0.0,336.124080837498,0.5745094750628379,0.014954645788686164,0.01,0.001,15,218.05842743037599,0.033357667009113356,0
E2-cost-ratio,E,Coop,100,5,10.0,0.01,0.001,2145.9892908535285,65.89393947407059,169.97166666666664,235.8656061407372,0.8832006372072836,0.9946449788218346,0.75875,4.250291666666667,15,7.52444016454308,291.2053599579958,625
E2-cost-ratio,E,Rand,100,5,10.0,0.01,0.001,2233.502833183299,14.675970009902553,5.202414606301793,19.878384616204347,0.05733934925639952,0.09607077301926074,3.601776881019004,3.592776881019004,2,60.88241613305352,0.16829837497789413,0
E2-cost-ratio,E,Full model,100,6,10.0,0.01,0.001,2112.1619537700262,116.2418016000768,104.55476634656802,220.7965679466448,0.3570144242997402,0.8641251927564513,3.265941320244337,3.025873225054675,13,0.0,0.816196708008647,37
E2-cost-ratio,E,ME,100,6,10.0,0.01,0.001,1834.6455618516866,49.00000000000001,19.96,68.96000000000001,0.7678656518112053,0.5122358009856726,0.5,0.5,19,196.51737067435445,2.0694166670145933,0
E2-cost-ratio,E,SingleSP,100,6,10.0,0.01,0.001,1765.6855618516865,442.8467318656318,0.0,442.8467318656318,0.5325466570018743,0.01674809095688816,0.01,0.001,19,240.5114959091282,0.0417411669914145,0
E2-cost-ratio,E,Coop,100,6,10.0,0.01,0.001,2044.9410372910088,92.47452533478184,179.97,272.4445253347818,0.9262890684619215,0.9785597780069212,1.0083333333333333,4.50025,19,8.770916627874627,450.09556058299495,625
E2-cost-ratio,E,Rand,100,6,10.0,0.01,0.001,2171.1904591360403,5.150537351643053,2.175679604863089,7.326216956506142,0.8045521176493814,0.4347384503002039,0.3651001505501883,0.3561001505501883,6,154.05890238205765,0.39209354101330973,0
E2-cost-ratio,E,Full model,100,7,10.0,0.01,0.001,2205.2782685119196,100.77136212755897,87.18929420392686,187.96065633148584,0.3028306460950832,0.9370216488155336,3.3376474302379098,2.327234786414507,11,0.0,0.6239651250070892,37
E2-cost-ratio,E,ME,100,7,10.0,0.01,0.001,1968.338872242352,49.0,19.959999999999997,68.96,0.5830400566392748,0.9292681813657456,0.5,0.5,18,176.37726806292187,1.9142631249851547,0
E2-cost-ratio,E,SingleSP,100,7,10.0,0.01,0.001,1899.3541427863656,367.3985006167844,0.0,367.3985006167844,0.5364255836089826,0.08053219954363057,0.01,0.001,17,218.34910817929017,0.03760975002660416,0
E2-cost-ratio,E,Coop,100,7,10.0,0.01,0.001,2153.919216886827,72.71679516257016,173.72304597703072,246.4398411396009,0.9711758953264799,0.9652889146915081,0.75875,4.50025,17,7.5463068605722725,311.9441807080002,625
E2-cost-ratio,E,Rand,100,7,10.0,0.01,0.001,2246.7858711404892,0.47047653223474595,0.21875099639102097,0.689227528625767,0.7667284480021991,0.11557623545322482,0.07600855282235641,0.06700855282235642,3,141.67934801312853,0.15971525001805276,0
E2-cost-ratio,E,Full model,100,8,10.0,0.01,0.001,2198.349954290277,110.9348499579029,106.14805384454756,217.08290380245046,0.4445897395449477,0.9241429615561735,2.5052184022836066,2.8725268703070523,14,0.0,0.9836407080001663,37
E2-cost-ratio,E,ME,100,8,10.0,0.01,0.001,1962.8805736030426,49.00000000000001,19.96,68.96000000000001,0.7679767356247588,0.7894790527338676,0.5,0.5,18,164.95283158324466,1.3273780419840477,0
E2-cost-ratio,E,SingleSP,100,8,10.0,0.01,0.001,1893.9205736030426,405.35547292846917,0.0,405.35547292846917,0.5689864108687582,0.014937693351643902,0.01,0.001,18,215.05438635399727,0.028114665998145938,0
E2-cost-ratio,E,Coop,100,8,10.0,0.01,0.001,2128.768906936376,74.87500000000001,159.97333333333333,234.84833333333336,0.9628677056199438,0.9453266134172548,0.75875,4.000333333333333,18,18.43997851596413,293.7285574999987,625
E2-cost-ratio,E,Rand,100,8,10.0,0.01,0.001,2298.266380816672,15.618385425499945,4.373541574165892,19.991926999665836,0.5076490635690781,0.968918771219629,1.941081516430218,1.9320815164302179,3,112.34940812356288,0.25293329101987183,0
E2-cost-ratio,E,Full model,100,9,10.0,0.01,0.001,2108.3170667721065,109.1028750791019,78.12920336640674,187.23207844550865,0.3528398958746433,0.886813751660325,3.1021354516515296,2.2035257056549473,12,0.0,1.702315208996879,73
E2-cost-ratio,E,ME,100,9,10.0,0.01,0.001,1889.6220717698307,48.99999999999999,19.96,68.96,0.7711036388432418,0.7947878780148461,0.5,0.5,16,142.59183970163284,1.7345709999790415,0
E2-cost-ratio,E,SingleSP,100,9,10.0,0.01,0.001,1820.426540326733,408.4201724053723,0.0,408.4201724053723,0.5446683404940971,0.015836540510422725,0.01,0.001,16,187.15775173146525,0.05022337500122376,0
E2-cost-ratio,E,Coop,100,9,10.0,0.01,0.001,2034.7189162258865,65.71162973194461,138.50540643904608,204.2170361709907,0.877617759358192,0.9894892465819025,0.75875,3.5004166666666663,15,22.87156932637663,369.8493587920093,625
E2-cost-ratio,E,Rand,100,9,10.0,0.01,0.001,2229.8867127321055,1.6927028236389061,0.7153763231585127,2.408079146797419,0.4885467633493604,0.998071167717885,1.1602655289808699,1.1512655289808698,1,134.45873962311447,0.08569170799455605,0
E2-cost-ratio,E,Full model,100,10,10.0,0.01,0.001,2106.6494326208217,98.68459584524288,85.16104221343467,183.84563805867754,0.34908643558655356,0.9528550693150711,2.568505783998726,2.130026055335867,12,0.0,0.5789616249967366,49
E2-cost-ratio,E,ME,100,10,10.0,0.01,0.001,1917.5711769322031,49.0,19.96,68.96000000000001,0.44152253384250445,0.9400914470623529,0.5,0.5,16,144.8051359046202,1.2116212499968242,0
E2-cost-ratio,E,SingleSP,100,10,10.0,0.01,0.001,1861.9155524068653,305.3094190175945,0.0,305.3094190175945,0.5160717376922268,0.1928745735181111,0.01,0.001,16,192.54689820695754,0.025360125000588596,0
E2-cost-ratio,E,Coop,100,10,10.0,0.01,0.001,2068.9594545842547,69.53017517174271,149.975,219.5051751717427,0.9286166967845436,0.9920937530950564,0.75875,3.7503749999999996,16,3.8592801555520992,199.50310391699895,625
E2-cost-ratio,E,Rand,100,10,10.0,0.01,0.001,2159.242353484466,7.003326720634299,5.041311294823832,12.044638015458132,0.4004020448257173,0.9045508245725017,1.697145026646008,1.6881450266460079,2,102.67876142515674,0.12030216699349694,0
E2-cost-ratio,E,Full model,100,1,100.0,0.01,0.0001,2245.4702023577447,109.20299150441947,87.27385004165484,196.4768415460743,0.23514212112444555,0.8069066729532519,4.654127176458759,2.7040635737003953,10,0.0,0.7043777910002973,55
E2-cost-ratio,E,ME,100,1,100.0,0.01,0.0001,1951.5254066771042,49.0,19.996,68.996,0.6594990107736669,0.5369842794488204,0.5,0.5,17,188.65982893106545,1.2611027499951888,0
E2-cost-ratio,E,SingleSP,100,1,100.0,0.01,0.0001,1882.5294066771044,422.9753092920941,0.0,422.9753092920941,0.587789839231441,0.03018191266455089,0.01,0.0001,17,241.03727046744592,0.026727584016043693,0
E2-cost-ratio,E,Coop,100,1,100.0,0.01,0.0001,2158.733116609368,79.32453174339899,178.84114851124224,258.16568025464125,0.7945696001008247,0.9935784958151649,1.0083333333333333,4.500025,16,13.821781565026086,275.9773907499912,625
E2-cost-ratio,E,Rand,100,1,100.0,0.01,0.0001,2299.737997230029,11.16854534104842,3.6081362718372842,14.776681612885703,0.5124774620993926,0.8885812807997706,1.379737765660502,1.369837765660502,2,145.1312005420678,0.12048704200424254,0
E2-cost-ratio,E,Full model,100,2,100.0,0.01,0.0001,2086.1774342554536,93.35073127192017,113.25951370654455,206.61024497846472,0.5515671789986206,0.9480249528719804,1.7024634899668971,2.98682290648659,14,0.0,1.3250008339819033,103
E2-cost-ratio,E,ME,100,2,100.0,0.01,0.0001,1890.9110238217286,49.0,19.996,68.996,0.7196030133550879,0.8437538926022186,0.5,0.5,17,157.76021209029662,1.3760925419919658,0
E2-cost-ratio,E,SingleSP,100,2,100.0,0.01,0.0001,1821.9150238217285,384.91481736590686,0.0,384.91481736590686,0.5570641380534841,0.03827426001381999,0.01,0.0001,17,204.85344690218528,0.032444083015434444,0
E2-cost-ratio,E,Coop,100,2,100.0,0.01,0.0001,2082.4859058547468,68.37387666469496,156.54579628864394,224.9196729533389,0.9131736449374954,0.8239389759407075,0.75875,4.750020833333333,16,6.666734448333827,376.36401008299435,625
E2-cost-ratio,E,Rand,100,2,100.0,0.01,0.0001,2204.24787853289,14.530988213179175,4.848945402581428,19.379933615760603,0.30114049425388745,0.694519166678376,2.920758339410228,2.9108583394102285,2,88.84940349885328,0.23289245800697245,0
E2-cost-ratio,E,Full model,100,3,100.0,0.01,0.0001,2117.551574121773,78.08410048033903,94.87503914556792,172.95913962590697,0.3170796736609716,0.8333047585479015,2.4726018936750966,2.8464487749336476,10,0.0,0.9207422499894165,49
E2-cost-ratio,E,ME,100,3,100.0,0.01,0.0001,1912.4205800881252,49.0,19.996,68.996,0.5746454666966787,0.8911641045215539,0.5,0.5,16,158.8262518908668,2.3018722499837168,0
E2-cost-ratio,E,SingleSP,100,3,100.0,0.01,0.0001,1843.4245800881251,353.17633556142835,0.0,353.17633556142835,0.5987033755536805,0.07512972354474713,0.01,0.0001,16,211.03832367166947,0.049041332997148857,0
E2-cost-ratio,E,Coop,100,3,100.0,0.01,0.0001,2063.3384134214584,49.916666666666664,169.99716666666666,219.91383333333332,0.9776006612624912,0.9010791003207661,0.5091666666666667,4.250029166666667,16,21.708160642013887,443.9662496249948,625
E2-cost-ratio,E,Rand,100,3,100.0,0.01,0.0001,2175.046361174205,3.3301067506026834,3.360145855795699,6.690252606398382,0.3749267780466511,0.821972686269999,0.7139117710366557,0.7040117710366557,3,119.29614752912754,0.31080579198896885,0
E2-cost-ratio,E,Full model,100,4,100.0,0.01,0.0001,2233.407571388074,130.2901278151474,114.30827427360087,244.5984020887483,0.37993504386021776,0.9520422492340701,3.2236814378940566,2.857806856840022,14,0.0,1.588442500011297,49
E2-cost-ratio,E,ME,100,4,100.0,0.01,0.0001,1958.3385207590493,49.00000000000001,19.996000000000002,68.99600000000001,0.7312277310000482,0.5162679823781657,0.5,0.5,18,192.32739148212542,2.5788789160142187,0
E2-cost-ratio,E,SingleSP,100,4,100.0,0.01,0.0001,1889.3425207590494,441.81976863399774,0.0,441.81976863399774,0.541424395555739,0.03584410723059359,0.01,0.0001,18,239.51764017162785,0.05525666699395515,0
E2-cost-ratio,E,Coop,100,4,100.0,0.01,0.0001,2178.6974569607487,92.97962455751903,189.99683333333337,282.97645789085243,0.8858307341447262,0.9676137856798972,1.0083333333333333,4.750020833333333,18,12.046418334221698,580.1606554999889,625
E2-cost-ratio,E,Rand,100,4,100.0,0.01,0.0001,2323.5326978617745,1.697207902937055,0.7516053940963481,2.448813297033403,0.8900159308384323,0.38411749910550974,0.27849444861016487,0.26859444861016485,3,175.4258502967941,0.30834491600398906,0
E2-cost-ratio,E,Full model,100,5,100.0,0.01,0.0001,2182.6140089010123,94.72792005899325,115.69356901844864,210.4214890774419,0.40824178977466,0.999022254783719,2.33038763379126,2.895269964043881,12,0.0,1.487606250011595,55
E2-cost-ratio,E,ME,100,5,100.0,0.01,0.0001,1971.194266295762,48.99999999999999,19.996000000000002,68.996,0.4529870250089092,0.706851680050331,0.5,0.5,15,171.65658673469972,2.2614148750144523,0
E2-cost-ratio,E,SingleSP,100,5,100.0,0.01,0.0001,1902.198266295762,336.196080837498,0.0,336.196080837498,0.5745094750628379,0.007242748142417622,0.01,0.0001,15,218.09442743037602,0.053581499989377335,0
E2-cost-ratio,E,Coop,100,5,100.0,0.01,0.0001,2145.9787908535286,65.89393947407059,169.9971666666667,235.8911061407373,0.8832006372072836,0.9946756951140353,0.75875,4.250029166666667,15,7.5344052808295885,384.1663992499816,625
E2-cost-ratio,E,Rand,100,5,100.0,0.01,0.0001,2233.503085073466,14.6771183955947,5.202821692068149,19.87994008766285,0.05733711223133398,0.09607904938504604,3.6020579353668096,3.59215793536681,2,60.89707985321108,0.23213025002041832,0
E2-cost-ratio,E,Full model,100,6,100.0,0.01,0.0001,2112.1619537700262,116.2418016000768,104.58587485350724,220.82767645358405,0.3570144242997402,0.8641251927564513,3.265941320244337,3.025873225054675,13,0.0,0.979839666018961,37
E2-cost-ratio,E,ME,100,6,100.0,0.01,0.0001,1834.6455618516866,49.00000000000001,19.996000000000002,68.99600000000001,0.7678656518112053,0.5122358009856726,0.5,0.5,19,196.5156378493917,2.6470942499872763,0
E2-cost-ratio,E,SingleSP,100,6,100.0,0.01,0.0001,1765.6495618516867,442.91873186563186,0.0,442.91873186563186,0.5325466570018743,0.03110913463496186,0.01,0.0001,19,240.54233982194245,0.05774716701125726,0
E2-cost-ratio,E,Coop,100,6,100.0,0.01,0.0001,2044.9320372910088,92.47452533478184,179.997,272.47152533478186,0.9262890684619215,0.9785312547330877,1.0083333333333333,4.500025,19,8.774046452634948,600.9577619170013,625
E2-cost-ratio,E,Rand,100,6,100.0,0.01,0.0001,2171.1912748934797,5.154987526845195,2.1775594389006536,7.332546965745848,0.8042142753819637,0.43408843098710664,0.36540696472827616,0.35550696472827614,6,154.0730025986913,0.512086000002455,0
E2-cost-ratio,E,Full model,100,7,100.0,0.01,0.0001,2205.2782685119196,100.77136212755897,87.22302698328421,187.9943891108432,0.3028306460950832,0.9370216488155336,3.3376474302379098,2.327234786414507,11,0.0,0.7855019999842625,37
E2-cost-ratio,E,ME,100,7,100.0,0.01,0.0001,1968.338872242352,49.0,19.996,68.996,0.5830400566392748,0.9292681813657456,0.5,0.5,18,176.3761316902924,2.5532932080095634,0
E2-cost-ratio,E,SingleSP,100,7,100.0,0.01,0.0001,1899.3181427863656,367.4705006167844,0.0,367.4705006167844,0.5364255836089827,0.0699268379654739,0.01,0.0001,17,218.3804583775849,0.050882167008239776,0
E2-cost-ratio,E,Coop,100,7,100.0,0.01,0.0001,2153.9105291780033,72.71679516257016,173.7534524270205,246.47024758959066,0.9711758953264799,0.9653130464786663,0.75875,4.500025,17,7.548985066288793,481.2773920839827,625
E2-cost-ratio,E,Rand,100,7,100.0,0.01,0.0001,2246.7855420591263,0.47228784932483625,0.2195931795629536,0.6918810288877899,0.7654498957432457,0.11502592108865166,0.07626268328716694,0.06636268328716695,3,141.69283981530754,0.3074419579934329,0
E2-cost-ratio,E,Full model,100,8,100.0,0.01,0.0001,2198.349954290277,110.9348499579029,106.18132299116357,217.11617294906648,0.4445897395449477,0.9241429615561735,2.5052184022836066,2.8725268703070523,14,0.0,1.8508993340074085,37
E2-cost-ratio,E,ME,100,8,100.0,0.01,0.0001,1962.8805736030426,49.00000000000001,19.996000000000002,68.99600000000001,0.7679767356247588,0.7894790527338676,0.5,0.5,18,164.9528315832447,2.604877834004583,0
E2-cost-ratio,E,SingleSP,100,8,100.0,0.01,0.0001,1893.8845736030426,405.42747292846923,0.0,405.42747292846923,0.5689864108687582,0.007227975768002481,0.01,0.0001,18,215.0903863539973,0.05416249998961575,0
E2-cost-ratio,E,Coop,100,8,100.0,0.01,0.0001,2128.756906936376,74.87500000000001,159.99733333333333,234.87233333333336,0.9628677056199438,0.9453620622051989,0.75875,4.0000333333333336,18,18.445321507728252,511.54126124997856,625
E2-cost-ratio,E,Rand,100,8,100.0,0.01,0.0001,2298.265476627235,15.619271457806969,4.373789685543942,19.99306114335091,0.5076347388713746,0.968870343549235,1.941191066845606,1.931291066845606,3,112.37076677432314,0.3090816250187345,0
E2-cost-ratio,E,Full model,100,9,100.0,0.01,0.0001,2108.3170667721065,109.1028750791019,78.1611286614665,187.2640037405684,0.3528398958746433,0.886813751660325,3.1021354516515296,2.2035257056549473,12,0.0,2.2722462920064572,73
E2-cost-ratio,E,ME,100,9,100.0,0.01,0.0001,1889.6220717698307,48.99999999999999,19.996000000000002,68.996,0.7711036388432418,0.7947878780148461,0.5,0.5,16,142.59183970163284,2.360077499994077,0
E2-cost-ratio,E,SingleSP,100,9,100.0,0.01,0.0001,1820.390540326733,408.4921724053723,0.0,408.4921724053723,0.5446683404940971,0.017794636987418816,0.01,0.0001,16,187.19375173146528,0.04911029202048667,0
E2-cost-ratio,E,Coop,100,9,100.0,0.01,0.0001,2034.7040734896511,65.71162973194461,138.53360647178016,204.24523620372477,0.877617759358192,0.9895422528835969,0.75875,3.5000416666666667,15,22.879529003012408,478.3555347920046,625
E2-cost-ratio,E,Rand,100,9,100.0,0.01,0.0001,2229.8867127321055,1.6930962730760226,0.7155426042137236,2.4086388772897465,0.4884904838766086,0.9983455066960636,1.1605328950646217,1.1506328950646216,1,134.46930727163382,0.15621462499257177,0
E2-cost-ratio,E,Full model,100,10,100.0,0.01,0.0001,2106.6494326208217,98.68459584524288,85.19704221343466,183.88163805867754,0.34908643558655356,0.9528550693150711,2.568505783998726,2.130026055335867,12,0.0,1.0882909169886261,49
E2-cost-ratio,E,ME,100,10,100.0,0.01,0.0001,1917.5711769322031,49.0,19.996000000000002,68.99600000000001,0.44152253384250445,0.9400914470623529,0.5,0.5,16,144.80513590462022,2.3120087920106016,0
E2-cost-ratio,E,SingleSP,100,10,100.0,0.01,0.0001,1861.8795524068655,305.3814190175945,0.0,305.3814190175945,0.5160717376922267,0.1477340897655573,0.01,0.0001,16,192.58282508026048,0.049161375005496666,0
E2-cost-ratio,E,Coop,100,10,100.0,0.01,0.0001,2068.9459545842547,69.53017517174271,149.9975,219.52767517174271,0.9286166967845436,0.9920206797117723,0.75875,3.7500375000000004,16,3.864770146748228,385.9605092499987,625
E2-cost-ratio,E,Rand,100,10,100.0,0.01,0.0001,2159.2423779685137,7.0049046237302965,5.042447140832066,12.047351764562363,0.4003572113153514,0.9040004825713892,1.6975251533296736,1.6876251533296736,2,102.69485618880232,0.407508834003238,0
E2-cost-ratio,E,Full model,100,1,1000.0,0.01,1e-05,2245.4702023577447,109.20299150441947,87.27675490567748,196.47974641009694,0.23514212112444555,0.8069066729532519,4.654127176458759,2.7040635737003953,10,0.0,1.5481217089982238,55
E2-cost-ratio,E,ME,100,1,1000.0,0.01,1e-05,1951.5254066771042,49.0,19.999599999999997,68.9996,0.6594990107736669,0.5369842794488204,0.5,0.5,17,188.65973201386606,2.8032724170188885,0
E2-cost-ratio,E,SingleSP,100,1,1000.0,0.01,1e-05,1882.5258066771044,422.98250929209405,0.0,422.98250929209405,0.587789839231441,0.030142613421127628,0.01,1e-05,17,241.0407704133942,0.059736041992437094,0
E2-cost-ratio,E,Coop,100,1,1000.0,0.01,1e-05,2158.7322223876045,79.32453174339899,178.8442782819516,258.1688100253506,0.7945696001008247,0.9935809797569195,1.0083333333333333,4.5000025,16,13.822064347582483,570.5082837090013,625
E2-cost-ratio,E,Rand,100,1,1000.0,0.01,1e-05,2299.737968253353,11.168702627329187,3.608187085109503,14.77688971243869,0.5124738796890438,0.8885424112949906,1.3797570556353564,1.3697670556353565,2,145.13239733775475,0.25893170799827203,0
E2-cost-ratio,E,Full model,100,2,1000.0,0.01,1e-05,2086.1774342554536,93.35073127192017,113.2629265963749,206.61365786829506,0.5515671789986206,0.9480249528719804,1.7024634899668971,2.98682290648659,14,0.0,2.5006336670194287,103
E2-cost-ratio,E,ME,100,2,1000.0,0.01,1e-05,1890.9110238217286,49.0,19.999599999999997,68.9996,0.7196030133550879,0.8437538926022186,0.5,0.5,17,157.76021209029665,2.4887299170077313,0
E2-cost-ratio,E,SingleSP,100,2,1000.0,0.01,1e-05,1821.9114238217285,384.92201736590687,0.0,384.92201736590687,0.5570641380534842,0.03445808189650511,0.01,1e-05,17,204.85642892253128,0.052444790984736755,0
E2-cost-ratio,E,Coop,100,2,1000.0,0.01,1e-05,2082.4852878999054,68.37387666469496,156.54845349088598,224.92233015558094,0.9131736449374954,0.8239406021337367,0.75875,4.750002083333333,16,6.666896984743644,548.8938846660021,625
E2-cost-ratio,E,Rand,100,2,1000.0,0.01,1e-05,2204.2478478290436,14.531077607154902,4.84897523307205,19.380052840226952,0.3011395711282907,0.6945277674065938,2.9207762462625717,2.910786246262572,2,88.85131927086644,0.4113362909993157,0
E2-cost-ratio,E,Full model,100,3,1000.0,0.01,1e-05,2117.551574121773,78.08410048033903,94.8780390426987,172.96213952303773,0.3170796736609716,0.8333047585479015,2.4726018936750966,2.8464487749336476,10,0.0,1.0730451249983162,49
E2-cost-ratio,E,ME,100,3,1000.0,0.01,1e-05,1912.4205800881252,49.0,19.999599999999997,68.9996,0.5746454666966787,0.8911641045215539,0.5,0.5,16,158.82625189086684,2.664787083020201,0
E2-cost-ratio,E,SingleSP,100,3,1000.0,0.01,1e-05,1843.4209800881251,353.18353556142836,0.0,353.18353556142836,0.5987033755536805,0.060902922280346515,0.01,1e-05,16,211.04192367166948,0.048840290983207524,0
E2-cost-ratio,E,Coop,100,3,1000.0,0.01,1e-05,2063.3373634214586,49.916666666666664,169.99971666666664,219.9163833333333,0.9776006612624912,0.9010818830588398,0.5091666666666667,4.250002916666666,16,21.708333720639565,456.116344250011,625
E2-cost-ratio,E,Rand,100,3,1000.0,0.01,1e-05,2175.0464594005816,3.3303694877570753,3.360410962960907,6.690780450717982,0.3749121956755003,0.8217963289491401,0.7139673079276673,0.7039773079276672,3,119.2965352383943,0.5576457089919131,0
E2-cost-ratio,E,Full model,100,4,1000.0,0.01,1e-05,2233.407571388074,130.2901278151474,114.31187427360088,244.6020020887483,0.37993504386021776,0.9520422492340701,3.2236814378940566,2.857806856840022,14,0.0,1.8707877499982715,49
E2-cost-ratio,E,ME,100,4,1000.0,0.01,1e-05,1958.3385207590493,49.00000000000001,19.999600000000004,68.99960000000002,0.7312277310000482,0.5162679823781657,0.5,0.5,18,192.32711728853621,2.8709873750049155,0
E2-cost-ratio,E,SingleSP,100,4,1000.0,0.01,1e-05,1889.3389207590494,441.8269686339978,0.0,441.8269686339978,0.541424395555739,0.03229168960672199,0.01,1e-05,18,239.52124017162785,0.10108933399897069,0
E2-cost-ratio,E,Coop,100,4,1000.0,0.01,1e-05,2178.696706960749,92.97962455751903,189.9996833333334,282.9793078908524,0.8858307341447262,0.9676156954412258,1.0083333333333333,4.750002083333333,18,12.046621259901258,675.6423966249858,625
E2-cost-ratio,E,Rand,100,4,1000.0,0.01,1e-05,2323.5327358664044,1.6974088558968932,0.7516943857445206,2.4491032416414136,0.8899651372687363,0.38407812100833394,0.2785262389135537,0.2685362389135537,3,175.42595343515228,0.4082363330235239,0
E2-cost-ratio,E,Full model,100,5,1000.0,0.01,1e-05,2182.6140089010123,94.72792005899325,115.69716549856587,210.4250855575591,0.40824178977466,0.999022254783719,2.33038763379126,2.895269964043881,12,0.0,1.7791831670037936,55
E2-cost-ratio,E,ME,100,5,1000.0,0.01,1e-05,1971.194266295762,48.99999999999999,19.9996,68.99959999999999,0.4529870250089092,0.706851680050331,0.5,0.5,15,171.65650271115902,2.5182582499983255,0
E2-cost-ratio,E,SingleSP,100,5,1000.0,0.01,1e-05,1902.194666295762,336.203280837498,0.0,336.203280837498,0.5745094750628379,0.014287106032255822,0.01,1e-05,15,218.09802743037602,0.0635386659996584,0
E2-cost-ratio,E,Coop,100,5,1000.0,0.01,1e-05,2145.9777408535288,65.89393947407059,169.99971666666667,235.89365614073728,0.8832006372072836,0.9946787668997716,0.75875,4.250002916666666,15,7.535401792458202,450.37127120798687,625
E2-cost-ratio,E,Rand,100,5,1000.0,0.01,1e-05,2233.5031102624826,14.677233234163912,5.202862400644784,19.880095634808697,0.0573368885432275,0.09607987713927424,3.6020860408015896,3.59209604080159,2,60.89854622365962,0.40096795800491236,0
E2-cost-ratio,E,Full model,100,6,1000.0,0.01,1e-05,2112.1619537700262,116.2418016000768,104.58898570420116,220.83078730427798,0.3570144242997402,0.8641251927564513,3.265941320244337,3.025873225054675,13,0.0,1.058822415972827,37
E2-cost-ratio,E,ME,100,6,1000.0,0.01,1e-05,1834.6455618516866,49.00000000000001,19.9996,68.99960000000002,0.7678656518112053,0.5122358009856726,0.5,0.5,19,196.51546456689545,2.9999058329849504,0
E2-cost-ratio,E,SingleSP,100,6,1000.0,0.01,1e-05,1765.6459618516867,442.9259318656319,0.0,442.9259318656319,0.5325466570018743,0.029081064163220288,0.01,1e-05,19,240.54542421322387,0.06678229200770147,0
E2-cost-ratio,E,Coop,100,6,1000.0,0.01,1e-05,2044.9311372910088,92.47452533478184,179.99970000000002,272.47422533478186,0.9262890684619215,0.978528402332177,1.0083333333333333,4.5000025,19,8.774359439389812,811.5142397909949,625
E2-cost-ratio,E,Rand,100,6,1000.0,0.01,1e-05,2171.1913564692236,5.155432544365411,2.1777474223044107,7.333179966669821,0.8041805145579533,0.4340235178209859,0.36543764614608504,0.35544764614608504,6,154.07441279396323,0.7489952080068178,0
E2-cost-ratio,E,Full model,100,7,1000.0,0.01,1e-05,2205.2782685119196,100.77136212755897,87.22640026121995,187.99776238877894,0.3028306460950832,0.9370216488155336,3.3376474302379098,2.327234786414507,11,0.0,0.917008624994196,37
E2-cost-ratio,E,ME,100,7,1000.0,0.01,1e-05,1968.338872242352,49.0,19.999599999999997,68.9996,0.5830400566392748,0.9292681813657456,0.5,0.5,18,176.3760180530295,2.6957907080068253,0
E2-cost-ratio,E,SingleSP,100,7,1000.0,0.01,1e-05,1899.3145427863656,367.47770061678443,0.0,367.47770061678443,0.5364255836089826,0.055840705498808395,0.01,1e-05,17,218.38359339741436,0.05161404199316166,0
E2-cost-ratio,E,Coop,100,7,1000.0,0.01,1e-05,2153.9096603951753,72.71679516257016,173.75649316160866,246.47328832417884,0.9711758953264799,0.9653154597569253,0.75875,4.5000025,17,7.549252890488518,508.5754292079946,625
E2-cost-ratio,E,Rand,100,7,1000.0,0.01,1e-05,2246.78550915099,0.4724689810338441,0.21967739788014634,0.6921463789139904,0.7653223920108264,0.11497088143739313,0.07628809633364783,0.06629809633364783,3,141.69418926304687,0.5240302500023972,0
E2-cost-ratio,E,Full model,100,8,1000.0,0.01,1e-05,2198.349954290277,110.9348499579029,106.18464990582518,217.1194998637281,0.4445897395449477,0.9241429615561735,2.5052184022836066,2.8725268703070523,14,0.0,2.287929834012175,37
E2-cost-ratio,E,ME,100,8,1000.0,0.01,1e-05,1962.8805736030426,49.00000000000001,19.9996,68.99960000000002,0.7679767356247588,0.7894790527338676,0.5,0.5,18,164.9528315832447,3.3594246249995194,0
E2-cost-ratio,E,SingleSP,100,8,1000.0,0.01,1e-05,1893.8809736030425,405.4346729284692,0.0,405.4346729284692,0.5689864108687582,0.013292908801347666,0.01,1e-05,18,215.0939863539973,0.07295616701594554,0
E2-cost-ratio,E,Coop,100,8,1000.0,0.01,1e-05,2128.755706936376,74.87500000000001,159.99973333333335,234.87473333333338,0.9628677056199438,0.9453656073033307,0.75875,4.000003333333334,18,18.445855817690713,665.4100543330132,625
E2-cost-ratio,E,Rand,100,8,1000.0,0.01,1e-05,2298.265386208291,15.619360061037677,4.3738144966817485,19.993174557719424,0.5076333064682979,0.9688655039842973,1.9412020218871455,1.9312120218871456,3,112.3729026389046,0.59964625001885,0
E2-cost-ratio,E,Full model,100,9,1000.0,0.01,1e-05,2108.3170667721065,109.1028750791019,78.16432119097249,187.2671962700744,0.3528398958746433,0.886813751660325,3.1021354516515296,2.2035257056549473,12,0.0,2.5538816249754746,73
E2-cost-ratio,E,ME,100,9,1000.0,0.01,1e-05,1889.6220717698307,48.99999999999999,19.9996,68.99959999999999,0.7711036388432418,0.7947878780148461,0.5,0.5,16,142.59183970163286,2.6356484160060063,0
E2-cost-ratio,E,SingleSP,100,9,1000.0,0.01,1e-05,1820.3869403267329,408.49937240537224,0.0,408.49937240537224,0.5446683404940971,0.02156595495210991,0.01,1e-05,16,187.1973517314653,0.07582195798750035,0
E2-cost-ratio,E,Coop,100,9,1000.0,0.01,1e-05,2034.702589172296,65.71162973194461,138.53642666309253,204.24805639503714,0.877617759358192,0.9895475539822985,0.75875,3.5000041666666672,15,22.880324993749994,560.9379241669958,625
E2-cost-ratio,E,Rand,100,9,1000.0,0.01,1e-05,2229.8867127321055,1.6931356180197337,0.7155592323192446,2.4086948503389785,0.4884848569990109,0.9983729530377999,1.1605596316729965,1.1505696316729965,1,134.4703640401683,0.2787289159896318,0
E2-cost-ratio,E,Full model,100,10,1000.0,0.01,1e-05,2106.6494326208217,98.68459584524288,85.20064221343466,183.88523805867754,0.34908643558655356,0.9528550693150711,2.568505783998726,2.130026055335867,12,0.0,1.3246579999977257,49
E2-cost-ratio,E,ME,100,10,1000.0,0.01,1e-05,1917.5711769322031,49.0,19.9996,68.9996,0.44152253384250445,0.9400914470623529,0.5,0.5,16,144.80513590462022,2.6372482500155456,0
E2-cost-ratio,E,SingleSP,100,10,1000.0,0.01,1e-05,1861.8759524068655,305.3886190175945,0.0,305.3886190175945,0.5160717376922267,0.11279281421336614,0.01,1e-05,16,192.58641776759077,0.04922729200916365,0
E2-cost-ratio,E,Coop,100,10,1000.0,0.01,1e-05,2068.9446045842546,69.53017517174271,149.99975,219.52992517174272,0.9286166967845436,0.9920133723959907,0.75875,3.7500037500000003,16,3.8653191589982896,428.3002806250006,625
E2-cost-ratio,E,Rand,100,10,1000.0,0.01,1e-05,2159.2423804169184,7.005062414039898,5.0425607254328915,12.04762313947279,0.4003527287925789,0.9039454868731596,1.6975631659980406,1.6875731659980406,2,102.69646567342686,0.48272691600141115,0
