trial,trial_seed,n_users,ratio,F,B,cE,cN,final_pE,final_pN,price_margin_E,price_margin_N,comp_utilization,band_utilization,offloading_ratio,offloading_size,social_cost,esp_revenue,nsp_revenue,joint_revenue,restricted_gap,outer_iterations,stage2_oracle_calls,runtime_sec,stage1_method,stopping_reason
1,502377,50,0.1,20.0,200.0,0.01,0.01,7.250996971962977,0.5,7.240996971962978,0.49,0.9999999999999998,0.48984519558126954,0.22,11,1144.5258287759434,144.8199394392595,48.004829166964406,192.82476860622393,0.0,2,31,1.0217193998396397,vbbr_brd,verified_gain_tolerance
1,502377,50,0.2,28.284271247461902,141.4213562373095,0.01,0.01,4.835093665372759,1.3493150546263293,4.825093665372759,1.3393150546263293,0.869077394251996,0.3941318110036443,0.22,11,1151.025457866413,118.60669254754836,74.65162009881212,193.25831264636048,0.0,5,49,1.6178176999092102,vbbr_brd,verified_gain_tolerance
1,502377,50,0.3,34.64101615137755,115.47005383792515,0.01,0.01,4.816889050086134,1.3534633915548933,4.806889050086134,1.3434633915548932,0.7109383604407898,0.4819705970620172,0.22,11,1150.808589468349,118.38227164545084,74.76799758172513,193.15026922717595,0.0,5,49,1.6627199994400144,vbbr_brd,verified_gain_tolerance
1,502377,50,0.4,40.0,100.0,0.01,0.01,4.912312117748426,1.3318754348693373,4.902312117748426,1.3218754348693373,0.6096813706383978,0.5610239030296273,0.22,11,1151.940840813776,119.55393484984351,74.16037157893814,193.71430642878164,0.0,5,49,1.4657337004318833,vbbr_brd,verified_gain_tolerance
1,502377,50,0.5,44.721359549995796,89.44271909999159,0.01,0.01,5.125116387108151,0.9948656670705298,5.115116387108151,0.9848656670705298,0.5762413744587767,0.8171795464996756,0.24,12,1136.791953993037,131.81807203909526,71.98458072635869,203.80265276545396,0.0,3,37,1.2660853005945683,vbbr_brd,verified_gain_tolerance
1,502377,50,1.0,63.245553203367585,63.245553203367585,0.01,0.01,5.108510199212356,1.2886697935011089,5.098510199212356,1.2786697935011089,0.37811922998301445,0.9018043993411368,0.22,11,1154.2348055070527,121.9276077410654,72.92908270569284,194.85669044675825,0.0,3,37,1.1449522003531456,vbbr_brd,verified_gain_tolerance
1,502377,50,1.5,77.45966692414834,51.63977794943222,0.01,0.01,3.888491272569897,1.5859209427561891,3.8784912725698972,1.575920942756189,0.3538667059931277,0.9956072178100615,0.22,11,1139.1463182515959,106.31098624718184,81.0227220234513,187.33370827063314,0.0,5,49,1.2711295997723937,vbbr_brd,verified_gain_tolerance
1,502377,50,2.0,89.44271909999159,44.721359549995796,0.01,0.01,3.600272189352311,1.5608173395636684,3.5902721893523113,1.5508173395636684,0.31984710656425824,1.0,0.22,11,1130.712075520481,102.71048850907036,69.35465983899472,172.06514834806507,0.0,4,43,1.2287864992395043,vbbr_brd,verified_gain_tolerance
1,502377,50,2.5,100.0,40.0,0.01,0.01,4.7397809944554865,1.5713604241190193,4.729780994455487,1.5613604241190193,0.20719382871027936,0.9827876540163715,0.18,9,1158.6213766202936,97.9981433202345,61.37942993175751,159.377573251992,0.0,5,49,0.9962168000638485,vbbr_brd,verified_gain_tolerance
1,502377,50,3.0,109.54451150103323,36.51483716701107,0.01,0.01,4.672160672588893,1.5810489103898926,4.662160672588893,1.5710489103898926,0.19050502936059757,0.9999999999999998,0.18,9,1157.905645982118,97.29360717158266,57.36659514429709,154.66020231587976,0.0,6,55,1.102160600014031,vbbr_brd,verified_gain_tolerance
1,502377,50,4.0,126.49110640673517,31.622776601683793,0.01,0.01,3.845808360365402,2.066812231487425,3.835808360365402,2.056812231487425,0.177734206283388,1.0,0.18,9,1156.9896807802686,86.23586258373376,65.04211370793757,151.27797629167134,0.0,5,49,0.8711689999327064,vbbr_brd,verified_gain_tolerance
2,502378,50,0.1,20.0,200.0,0.01,0.01,5.319830192840536,0.5,5.309830192840536,0.49,0.7852413102871761,0.3310582153686545,0.16,8,997.183168204449,83.38996036057023,32.44370510612814,115.83366546669836,0.0,2,31,0.513094799593091,vbbr_brd,verified_gain_tolerance
2,502378,50,0.2,28.284271247461902,141.4213562373095,0.01,0.01,3.569223458321036,0.5,3.559223458321036,0.49,1.0000000000000002,0.6736716290407627,0.24,12,963.8175948974923,100.67004172548162,46.68306216439574,147.35310388987736,0.0,2,31,0.9213353991508484,vbbr_brd,verified_gain_tolerance
2,502378,50,0.3,34.64101615137755,115.47005383792515,0.01,0.01,3.161591048099143,0.47675018398834923,3.151591048099143,0.4667501839883492,0.9999999999999998,0.9952971301101988,0.28,14,948.1441146396904,109.1743163997393,53.64220455565794,162.81652095539724,0.0,4,43,1.7010152004659176,vbbr_brd,verified_gain_tolerance
2,502378,50,0.4,40.0,100.0,0.01,0.01,2.728616664054054,0.6513473084053806,2.7186166640540543,0.6413473084053806,0.9585607907240797,0.9629297881767966,0.28,14,950.302869652147,104.23837356685259,61.75724278305518,165.99561634990778,0.0,4,43,1.8142182007431984,vbbr_brd,verified_gain_tolerance
2,502378,50,0.5,44.721359549995796,89.44271909999159,0.01,0.01,2.5646032247661505,0.7218856714129692,2.5546032247661508,0.7118856714129692,0.8843533504827571,1.0000000000000002,0.28,14,950.5676149802424,101.03323976322244,63.67299013949913,164.70622990272156,0.0,5,49,1.9050763007253408,vbbr_brd,verified_gain_tolerance
2,502378,50,1.0,63.245553203367585,63.245553203367585,0.01,0.01,2.0715931405426082,1.0896441320851746,2.0615931405426084,1.0796441320851746,0.6430218520068605,0.9986586581858513,0.26,13,958.8623397669066,83.84143214329649,68.19109996868514,152.03253211198162,0.0,4,43,1.8570165000855923,vbbr_brd,verified_gain_tolerance
2,502378,50,1.5,77.45966692414834,51.63977794943222,0.01,0.01,2.6997646438945844,1.2455934445815173,2.6897646438945846,1.2355934445815173,0.32392762049445306,0.8706015779476963,0.18,9,986.0059260805934,67.48976044320597,55.54940501398628,123.03916545719224,0.0,3,37,0.6947075007483363,vbbr_brd,verified_gain_tolerance
2,502378,50,2.0,89.44271909999159,44.721359549995796,0.01,0.01,1.9860383441709615,1.3765840177002624,1.9760383441709615,1.3665840177002624,0.36131389501864586,1.0,0.2,10,970.9572417002983,63.859428069527276,61.11549521085125,124.97492328037853,0.0,5,49,1.0226111002266407,vbbr_brd,verified_gain_tolerance
2,502378,50,2.5,100.0,40.0,0.01,0.01,1.896006841167177,1.4291079261546944,1.886006841167177,1.4191079261546944,0.3307527940145976,1.0,0.2,10,971.3395855434891,62.38020322466892,56.76431704618778,119.1445202708567,0.0,5,49,1.1186371007934213,vbbr_brd,verified_gain_tolerance
2,502378,50,3.0,109.54451150103323,36.51483716701107,0.01,0.01,1.6491658541670622,1.7490484896985898,1.6391658541670622,1.7390484896985898,0.32180889439649984,0.9532967741209852,0.2,10,974.601093189536,57.78452729769355,60.53536749776826,118.3198947954618,0.0,10,79,2.1702397000044584,vbbr_brd,verified_gain_tolerance
2,502378,50,4.0,126.49110640673517,31.622776601683793,0.01,0.01,2.6551576697990478,1.279300010798015,2.645157669799048,1.269300010798015,0.17750793359437214,0.9999999999999999,0.16,8,986.8789823187401,59.392187841257744,40.13879068198045,99.53097852323819,0.0,5,49,0.7544672004878521,vbbr_brd,verified_gain_tolerance
3,502379,50,0.1,20.0,200.0,0.01,0.01,6.910996296367169,2.0202874638373243,6.900996296367169,2.0102874638373245,0.8130436611735078,0.15121762534240177,0.16,8,1262.0483494273976,112.21622589086363,60.798179307415914,173.01440519827955,0.0,6,55,0.904950300231576,vbbr_brd,verified_gain_tolerance
3,502379,50,0.2,28.284271247461902,141.4213562373095,0.01,0.01,6.8884498721651255,2.026847746919478,6.878449872165126,2.016847746919478,0.5758487776859001,0.2135076462729183,0.16,8,1261.8796706548346,112.03249796624576,60.89779178938645,172.9302897556322,0.0,7,61,1.144255199469626,vbbr_brd,verified_gain_tolerance
3,502379,50,0.3,34.64101615137755,115.47005383792515,0.01,0.01,6.696564138238584,2.019285813992009,6.686564138238584,2.009285813992009,0.4768673129700244,0.2619815628114508,0.16,8,1258.503722940731,110.45647828584595,60.78295571748945,171.2394340033354,0.0,6,61,1.4234869005158544,vbbr_brd,verified_gain_tolerance
3,502379,50,0.4,40.0,100.0,0.01,0.01,4.8112462112716035,2.330157734162474,4.801246211271604,2.3201577341624744,0.5483876984912378,0.3058699076797617,0.18,9,1230.4078555623234,105.31777438756038,70.9666431950761,176.28441758263648,0.0,5,55,1.3502946998924017,vbbr_brd,verified_gain_tolerance
3,502379,50,0.5,44.721359549995796,89.44271909999159,0.01,0.01,5.389504593736987,2.5169818424974912,5.379504593736987,2.5069818424974915,0.4634331171018433,0.32903672773792997,0.18,9,1248.3366533767353,111.49216425552302,73.78032423469637,185.2724884902194,0.0,5,49,1.1648651994764805,vbbr_brd,verified_gain_tolerance
3,502379,50,1.0,63.245553203367585,63.245553203367585,0.01,0.01,5.875252427053817,1.589503803615659,5.865252427053817,1.579503803615659,0.3138580162911529,0.5855562634944342,0.18,9,1227.7683739955576,116.4259871920268,58.49507505746255,174.92106224948935,0.0,3,37,0.844446400180459,vbbr_brd,verified_gain_tolerance
3,502379,50,1.5,77.45966692414834,51.63977794943222,0.01,0.01,6.722253538118028,1.9989145516354245,6.712253538118028,1.9889145516354245,0.212853661165823,0.5887860516978258,0.16,8,1258.3098705489074,110.66877488596018,60.47251130932481,171.14128619528498,0.0,4,43,0.8038795003667474,vbbr_brd,verified_gain_tolerance
3,502379,50,2.0,89.44271909999159,44.721359549995796,0.01,0.01,5.6165453911029,2.435155215749883,5.6065453911029,2.425155215749883,0.2269848421883729,0.6690384695760556,0.18,9,1250.565566405346,113.82487774315089,72.56139573376826,186.38627347691914,0.0,4,43,0.914962699636817,vbbr_brd,verified_gain_tolerance
3,502379,50,2.5,100.0,40.0,0.01,0.01,8.939154840831117,1.5065809475449887,8.929154840831117,1.4965809475449887,0.14297692878935975,0.8755536586548119,0.16,8,1276.2354289425257,127.66631358266778,52.413476963844005,180.0797905465118,0.0,4,43,0.8018988007679582,vbbr_brd,verified_gain_tolerance
3,502379,50,3.0,109.54451150103323,36.51483716701107,0.01,0.01,5.550186103278527,2.4587583325692175,5.540186103278527,2.4487583325692177,0.1864369933879905,0.8154589836727558,0.18,9,1249.9188372326807,113.14804830495957,72.91509008621586,186.0631383911754,0.0,3,37,0.7193632004782557,vbbr_brd,verified_gain_tolerance
3,502379,50,4.0,126.49110640673517,31.622776601683793,0.01,0.01,4.7871900837829235,2.349527413941131,4.777190083782924,2.339527413941131,0.17385058603978357,0.9632503021519304,0.18,9,1230.4707450168444,105.0530516216444,71.26352365438795,176.31657527603235,0.0,4,43,0.7630035001784563,vbbr_brd,verified_gain_tolerance
4,502380,50,0.1,20.0,200.0,0.01,0.01,4.220131946240365,0.5,4.210131946240365,0.49,0.9999999999999998,0.39174880334345297,0.18,9,1039.697038289055,84.20263892480727,38.39138272765839,122.59402165246567,0.0,2,31,0.5333499005064368,vbbr_brd,verified_gain_tolerance
4,502380,50,0.2,28.284271247461902,141.4213562373095,0.01,0.01,3.36517908363337,0.6908582080670763,3.35517908363337,0.6808582080670763,0.9813651906930969,0.5700961800968567,0.22,11,1034.4757634520595,93.13037433170054,54.893358957086406,148.02373328878696,0.0,3,37,0.9400915000587702,vbbr_brd,verified_gain_tolerance
4,502380,50,0.3,34.64101615137755,115.47005383792515,0.01,0.01,3.0794564001564315,0.7675560075969312,3.0694564001564317,0.7575560075969312,0.8376297244399836,0.6624196149006932,0.22,11,1032.3899627736157,89.06440529602075,57.94517766166745,147.0095829576882,0.0,3,37,1.018758300691843,vbbr_brd,verified_gain_tolerance
4,502380,50,0.4,40.0,100.0,0.01,0.01,3.0277491211871865,0.7822557366137117,3.0177491211871867,0.7722557366137117,0.6709869629639424,0.6731858164154018,0.2,10,1032.0022993856198,80.99481271249986,51.98716085337789,132.98197356587775,7.313771491824596,11,79,1.9275140007957816,vbbr_brd,cycle_safeguard
4,502380,50,0.5,44.721359549995796,89.44271909999159,0.01,0.01,2.8998560501773927,0.8197771349223163,2.889856050177393,0.8097771349223163,0.6686156158168687,0.8274936996424752,0.22,11,1031.0289850130573,86.41073983680549,59.93426711579608,146.34500695260158,0.0,3,37,0.9538196995854378,vbbr_brd,verified_gain_tolerance
4,502380,50,1.0,63.245553203367585,63.245553203367585,0.01,0.01,2.988386733206061,1.0379220620603955,2.978386733206061,1.0279220620603955,0.39346394778311466,0.8151943279268345,0.18,9,1046.9386952430598,74.1166923343292,52.997005613850625,127.11369794817983,0.0,3,37,0.7469357000663877,vbbr_brd,verified_gain_tolerance
4,502380,50,1.5,77.45966692414834,51.63977794943222,0.01,0.01,2.6075411331159692,1.2841131608171013,2.5975411331159695,1.2741131608171012,0.3439237214251985,0.8976096272152936,0.18,9,1049.156732625017,69.19905921602387,59.05815424850986,128.25721346453372,0.0,5,55,1.025024799630046,vbbr_brd,verified_gain_tolerance
4,502380,50,2.0,89.44271909999159,44.721359549995796,0.01,0.01,2.140181257028568,1.633530508550945,2.130181257028568,1.623530508550945,0.2975617473314581,0.8441065692517775,0.16,8,1051.3148432850912,56.69420280173054,61.287616541105855,117.98181934283639,0.0,5,49,0.8812737008556724,vbbr_brd,verified_gain_tolerance
4,502380,50,2.5,100.0,40.0,0.01,0.01,2.016889814157829,1.7395091926807458,2.0068898141578293,1.7295091926807458,0.3029090537320604,0.9956350137833849,0.18,9,1051.9225918612353,60.790509455105855,68.87839635572742,129.66890581083328,0.0,4,43,0.6920943995937705,vbbr_brd,verified_gain_tolerance
4,502380,50,3.0,109.54451150103323,36.51483716701107,0.01,0.01,1.6611509567535063,2.0857609500767085,1.6511509567535063,2.0757609500767087,0.27577328890791836,0.9149013502604594,0.16,8,1053.7888410678747,49.88036263119316,69.34592961419897,119.22629224539213,0.0,3,37,0.5971498005092144,vbbr_brd,verified_gain_tolerance
4,502380,50,4.0,126.49110640673517,31.622776601683793,0.01,0.01,1.7679072291429745,1.9748968944732763,1.7579072291429745,1.9648968944732763,0.23150354449530378,1.0000000000000002,0.16,8,1053.6679298115118,51.47704258440703,62.13549553927068,113.61253812367771,0.0,7,61,0.7992219999432564,vbbr_brd,verified_gain_tolerance
5,502381,50,0.1,20.0,200.0,0.01,0.01,7.204313880450174,0.5,7.194313880450174,0.49,0.8414861891194715,0.4263253949867666,0.18,9,1198.5708038074279,121.07831541178668,41.779888708703126,162.8582041204898,0.0,2,31,0.46268200036138296,vbbr_brd,verified_gain_tolerance
5,502381,50,0.2,28.284271247461902,141.4213562373095,0.01,0.01,4.638393407158393,0.5,4.628393407158393,0.49,0.9900037974658975,0.7887156874968337,0.24,12,1149.1064534070474,129.60212435140218,54.65520868360766,184.25733303500985,0.0,2,31,1.0223465003073215,vbbr_brd,verified_gain_tolerance
5,502381,50,0.3,34.64101615137755,115.47005383792515,0.01,0.01,3.840592848266602,0.6242164923406026,3.830592848266602,0.6142164923406026,1.0,0.9838152212638527,0.28,14,1137.989750669862,132.69562872615472,69.7757284804069,202.4713572065616,0.0,5,49,1.8202033005654812,vbbr_brd,verified_gain_tolerance
5,502381,50,0.4,40.0,100.0,0.01,0.01,3.8392048996335957,0.673181030907555,3.829204899633596,0.663181030907555,0.8211620846650393,0.9999999999999999,0.26,13,1143.4616359196266,125.77591511970824,66.3181030907555,192.09401821046373,0.0,5,49,1.758810200728476,vbbr_brd,verified_gain_tolerance
5,502381,50,0.5,44.721359549995796,89.44271909999159,0.01,0.01,3.7693048805069393,0.7165770019064484,3.7593048805069396,0.7065770019064483,0.6945763842059276,0.9999999999999999,0.24,12,1145.6106533733782,116.7730327210257,63.19816830403267,179.97120102505838,0.0,4,43,1.2519467007368803,vbbr_brd,verified_gain_tolerance
5,502381,50,1.0,63.245553203367585,63.245553203367585,0.01,0.01,2.633889392570952,1.2941732988823755,2.6238893925709523,1.2841732988823755,0.5849966905092616,0.9999999999999999,0.24,12,1151.4495945589426,97.07981245610375,81.21825069680932,178.29806315291307,0.0,3,37,1.076555399224162,vbbr_brd,verified_gain_tolerance
5,502381,50,1.5,77.45966692414834,51.63977794943222,0.01,0.01,2.3973271350442245,1.459093550073124,2.3873271350442247,1.449093550073124,0.45234771913035393,0.9999999999999999,0.22,11,1153.8428501451485,83.6488480188851,74.83086915373055,158.47971717261566,0.0,6,55,1.261412700638175,vbbr_brd,verified_gain_tolerance
5,502381,50,2.0,89.44271909999159,44.721359549995796,0.01,0.01,3.0178869567340025,1.4302635347954968,3.0078869567340027,1.4202635347954968,0.2944195970940181,1.0000000000000002,0.18,9,1171.494812367574,79.20876062955566,63.51611619533739,142.72487682489304,0.0,3,37,0.7133341999724507,vbbr_brd,verified_gain_tolerance
5,502381,50,2.5,100.0,40.0,0.01,0.01,2.46288313507871,1.6787850073349242,2.4528831350787104,1.6687850073349242,0.29150183241823013,1.0,0.18,9,1167.2953262790736,71.50199285832171,66.75140029339697,138.25339315171868,0.0,5,49,0.8357187006622553,vbbr_brd,verified_gain_tolerance
5,502381,50,3.0,109.54451150103323,36.51483716701107,0.01,0.01,2.9557235805708766,1.5439308295278176,2.945723580570877,1.5339308295278176,0.21886898558014403,1.0,0.16,8,1175.4023880433867,70.62636253095818,56.01123446566648,126.63759699662467,0.0,3,37,0.8156917998567224,vbbr_brd,verified_gain_tolerance
5,502381,50,4.0,126.49110640673517,31.622776601683793,0.01,0.01,1.9306535052776999,2.3531272434841504,1.9206535052776998,2.3431272434841506,0.2345279438271917,0.972144870417114,0.16,8,1175.6185265249674,56.97752895908358,72.03223041351852,129.0097593726021,0.0,9,85,1.1532712997868657,vbbr_brd,verified_gain_tolerance
6,502382,50,0.1,20.0,200.0,0.01,0.01,5.982887403181967,0.5,5.972887403181967,0.49,1.0,0.4811706670011104,0.2,10,1147.7113596183162,119.45774806363934,47.15472536610882,166.61247342974815,0.0,2,31,0.6368396999314427,vbbr_brd,verified_gain_tolerance
6,502382,50,0.2,28.284271247461902,141.4213562373095,0.01,0.01,4.940317089671811,0.614149288000625,4.930317089671811,0.604149288000625,0.8893379591386262,0.6690705648911781,0.22,11,1133.715635437568,124.01855717116231,57.16512925005327,181.18368642121558,11.255633669314676,11,79,3.28487219940871,vbbr_brd,cycle_safeguard
6,502382,50,0.3,34.64101615137755,115.47005383792515,0.01,0.01,4.590933413624744,0.7284535262902003,4.580933413624744,0.7184535262902003,0.8216301844510474,0.8114311398203488,0.24,12,1135.1203396477795,130.38300548044833,67.31621973189989,197.6992252123482,0.0,3,37,1.1109702996909618,vbbr_brd,verified_gain_tolerance
6,502382,50,0.4,40.0,100.0,0.01,0.01,4.374121635679228,0.8066982581237854,4.364121635679228,0.7966982581237854,0.7254234309634826,0.8617066208165772,0.24,12,1136.0043797053916,126.63344360385568,68.65201638183004,195.28545998568572,0.0,3,37,1.2725823000073433,vbbr_brd,verified_gain_tolerance
6,502382,50,0.5,44.721359549995796,89.44271909999159,0.01,0.01,4.903138008573178,0.6256594323445761,4.893138008573178,0.6156594323445761,0.5645951962154206,1.0,0.22,11,1133.9922651862375,123.54911576295162,55.0662536684562,178.61536943140783,0.0,3,37,0.9981403006240726,vbbr_brd,verified_gain_tolerance
6,502382,50,1.0,63.245553203367585,63.245553203367585,0.01,0.01,2.900918489390666,1.3518281100889253,2.8909184893906663,1.3418281100889253,0.5284091815234412,0.901887200236882,0.22,11,1127.6389984040652,96.61314008388287,76.53835162234364,173.15149170622652,0.0,5,55,1.6441631000488997,vbbr_brd,verified_gain_tolerance
6,502382,50,1.5,77.45966692414834,51.63977794943222,0.01,0.01,2.8852766756611907,1.5396898838639013,2.875276675661191,1.5296898838639013,0.4004568645591109,0.9397374590715235,0.2,10,1137.290609151658,89.1889413934154,74.23253632305659,163.421477716472,0.0,4,43,1.0440574996173382,vbbr_brd,verified_gain_tolerance
6,502382,50,2.0,89.44271909999159,44.721359549995796,0.01,0.01,4.026434016561808,2.4701229517833085,4.016434016561808,2.4601229517833088,0.17810748565671075,0.4691503278145645,0.12,6,1190.9077248388228,63.98347198690875,51.6159392696004,115.59941125650914,0.0,3,37,0.5008627995848656,vbbr_brd,verified_gain_tolerance
6,502382,50,2.5,100.0,40.0,0.01,0.01,3.6050239448073103,2.689025884624899,3.5950239448073105,2.6790258846248993,0.16835785451658672,0.5027230807352085,0.12,6,1188.5043226771206,60.5250518283515,53.87232584351987,114.39737767187137,0.0,3,37,0.5127237997949123,vbbr_brd,verified_gain_tolerance
6,502382,50,3.0,109.54451150103323,36.51483716701107,0.01,0.01,4.008239147762635,2.5582281214776716,3.998239147762635,2.548228121477672,0.1457538461563856,0.5646083606786647,0.12,6,1192.4498869262925,63.838020799492476,52.53575492147633,116.37377572096881,0.0,5,55,0.5430593993514776,vbbr_brd,verified_gain_tolerance
6,502382,50,4.0,126.49110640673517,31.622776601683793,0.01,0.01,4.080981909541419,2.44329897924032,4.070981909541419,2.43329897924032,0.12509649261152558,0.6671108447129465,0.12,6,1191.2094411438836,64.4175639328883,51.33262514948568,115.75018908237398,0.0,3,37,0.37330189999192953,vbbr_brd,verified_gain_tolerance
7,502383,50,0.1,20.0,200.0,0.01,0.01,5.048034162625209,2.5972898968203775,5.038034162625209,2.5872898968203777,0.7695330475415685,0.10549670038137408,0.14,7,1218.7309385241501,77.53867565567022,54.59010940892314,132.12878506459336,10.92533821501739,13,91,1.2167528998106718,vbbr_brd,cycle_safeguard
7,502383,50,0.2,28.284271247461902,141.4213562373095,0.01,0.01,5.0053819475283925,0.615605568252376,4.995381947528393,0.605605568252376,0.9154711788311427,0.5662835999456169,0.24,12,1151.2985851023966,129.3475984643161,48.49967649321575,177.84727495753185,0.0,3,37,1.7274003000929952,vbbr_brd,verified_gain_tolerance
7,502383,50,0.3,34.64101615137755,115.47005383792515,0.01,0.01,4.5229159657730555,0.5,4.512915965773056,0.49,0.9852688283264375,0.9999999999999998,0.3,15,1125.2204342639363,154.0290414057986,56.58032638058331,210.6093677863819,0.0,2,31,1.4837981006130576,vbbr_brd,verified_gain_tolerance
7,502383,50,0.4,40.0,100.0,0.01,0.01,4.5005694452312275,0.6423321041137129,4.490569445231228,0.6323321041137129,0.7445787571591123,0.8632207185083237,0.26,13,1138.994775158099,133.74330465867808,54.58421732489195,188.32752198357002,10.3663972988723,11,103,5.573608200065792,vbbr_brd,cycle_safeguard
7,502383,50,0.5,44.721359549995796,89.44271909999159,0.01,0.01,2.997498203224848,0.925629590998126,2.987498203224848,0.915629590998126,1.0,0.9999999999999997,0.32,16,1109.5093234432006,133.60498130138484,81.89640030728556,215.50138160867039,0.0,10,85,3.817687999457121,vbbr_brd,verified_gain_tolerance
7,502383,50,1.0,63.245553203367585,63.245553203367585,0.01,0.01,3.599368261678091,0.9436883488628105,3.589368261678091,0.9336883488628105,0.5248275658066422,1.0,0.26,13,1134.1506828886563,119.14193565531663,59.05163614336732,178.19357179868393,0.0,5,49,2.035982799716294,vbbr_brd,verified_gain_tolerance
7,502383,50,1.5,77.45966692414834,51.63977794943222,0.01,0.01,2.410127994335768,1.5028916310612,2.4001279943357683,1.4928916310612,0.5236777185732743,1.0,0.26,13,1123.3110389183985,97.35855592472959,77.09259233056606,174.45114825529566,0.0,10,79,2.416336100548506,vbbr_brd,verified_gain_tolerance
7,502383,50,2.0,89.44271909999159,44.721359549995796,0.01,0.01,4.040935458262865,3.9406029815446493,4.030935458262865,3.9306029815446495,0.1923235483885637,0.38302996124386285,0.14,7,1227.7695041162024,69.33991439072592,67.32973786286426,136.6696522535902,9.770118074793729,11,79,1.2154789995402098,vbbr_brd,cycle_safeguard
7,502383,50,2.5,100.0,40.0,0.01,0.01,3.917767664961611,4.136481749823605,3.9077676649616113,4.126481749823605,0.1747024819382782,0.4179781097118219,0.14,7,1228.9490211315842,68.26967099069435,68.99116166206406,137.2608326527584,0.0,3,37,0.5454093003645539,vbbr_brd,verified_gain_tolerance
7,502383,50,3.0,109.54451150103323,36.51483716701107,0.01,0.01,3.4274840861300597,4.939979938234832,3.41748408613006,4.929979938234832,0.16935172435152498,0.38821678551253985,0.14,7,1232.8534632795559,63.39963344575916,69.88578206384295,133.2854155096021,0.0,3,37,0.5530346995219588,vbbr_brd,verified_gain_tolerance
7,502383,50,4.0,126.49110640673517,31.622776601683793,0.01,0.01,3.904385409433723,4.158237284258575,3.894385409433723,4.148237284258575,0.13835092965249482,0.527320252184676,0.14,7,1229.078286301393,68.15237619476825,69.17322784175234,137.3256040365206,9.602791816969798,11,103,1.3119120001792908,vbbr_brd,cycle_safeguard
8,502384,50,0.1,20.0,200.0,0.01,0.01,3.682808580339987,4.348008775171126,3.672808580339987,4.338008775171126,0.7314149169342514,0.04546034038879898,0.1,5,1179.4553394342574,53.726939654095546,39.441471105775264,93.16841075987081,0.0,5,45,0.539894100278616,vbbr_brd,verified_gain_tolerance
8,502384,50,0.2,28.284271247461902,141.4213562373095,0.01,0.01,4.173085889411107,0.4668365272594871,4.163085889411107,0.4568365272594871,0.9999999999999999,0.5953302068384518,0.22,11,1117.28874342488,117.74985052258491,38.462166040662,156.2120165632469,0.0,4,43,1.1092040995135903,vbbr_brd,verified_gain_tolerance
8,502384,50,0.3,34.64101615137755,115.47005383792515,0.01,0.01,3.9811498725565233,0.4655568634449833,3.9711498725565235,0.4555568634449833,1.0000000000000002,0.9282761503775723,0.26,13,1110.484465787881,137.56466687477146,48.83027329554523,186.3949401703167,0.0,4,43,1.5034420005977154,vbbr_brd,verified_gain_tolerance
8,502384,50,0.4,40.0,100.0,0.01,0.01,3.706575737348598,0.5016792049347009,3.6965757373485983,0.49167920493470085,0.9138542014459444,0.9999999999999999,0.26,13,1104.4340855460393,135.12525074156625,49.16792049347009,184.29317123503634,0.0,3,37,1.330796199850738,vbbr_brd,verified_gain_tolerance
8,502384,50,0.5,44.721359549995796,89.44271909999159,0.01,0.01,3.477342852585163,0.5657549922150857,3.4673428525851633,0.5557549922150857,0.8438875687348285,1.0,0.26,13,1102.6692283654747,130.85682364227026,49.70823765711193,180.5650612993822,0.0,7,73,2.5556080993264914,vbbr_brd,verified_gain_tolerance
8,502384,50,1.0,63.245553203367585,63.245553203367585,0.01,0.01,3.569135020114895,0.7915795376921968,3.559135020114895,0.7815795376921968,0.4737099768612987,0.9300280616226811,0.2,10,1121.5616166715747,106.63186153837559,45.972617243554815,152.6044787819304,0.0,4,43,1.2303781006485224,vbbr_brd,verified_gain_tolerance
8,502384,50,1.5,77.45966692414834,51.63977794943222,0.01,0.01,3.073862488821731,1.0574329982584671,3.0638624888217314,1.0474329982584671,0.37632724251586797,0.8840267011007159,0.18,9,1120.6767876297595,89.31215180631999,47.81630362450183,137.12845543082182,0.0,3,37,0.7787219993770123,vbbr_brd,verified_gain_tolerance
8,502384,50,2.0,89.44271909999159,44.721359549995796,0.01,0.01,2.737075981016473,1.274785468378742,2.727075981016473,1.264785468378742,0.3453783264284932,0.9296995660967953,0.18,9,1120.0336426054803,84.24367665422635,52.586527466487055,136.8302041207134,0.0,4,43,1.3767775995656848,vbbr_brd,verified_gain_tolerance
8,502384,50,2.5,100.0,40.0,0.01,0.01,2.786247118200113,1.240957452387599,2.7762471182001134,1.230957452387599,0.30617779063147976,1.0,0.18,9,1120.272035093464,85.00252088975235,49.238298095503964,134.2408189852563,0.0,3,37,0.6485164994373918,vbbr_brd,verified_gain_tolerance
8,502384,50,3.0,109.54451150103323,36.51483716701107,0.01,0.01,2.481978795407048,1.4130720363659401,2.4719787954070482,1.4030720363659401,0.2961377992438123,1.0,0.18,9,1117.9048708237049,80.19166092960947,51.23294694148894,131.4246078710984,0.0,3,37,0.9760341998189688,vbbr_brd,verified_gain_tolerance
8,502384,50,4.0,126.49110640673517,31.622776601683793,0.01,0.01,2.6419868589497457,1.3423959539778594,2.631986858949746,1.3323959539778594,0.21951493389183707,1.0000000000000002,0.16,8,1120.5615435671675,73.081554934145,42.13405959762921,115.21561453177421,0.0,4,43,0.6457222001627088,vbbr_brd,verified_gain_tolerance
9,502385,50,0.1,20.0,200.0,0.01,0.01,5.262256567530192,0.5,5.252256567530193,0.49,1.0000000000000002,0.41479654105182456,0.18,9,1089.318621202086,105.04513135060387,40.650061023078806,145.6951923736827,0.0,2,31,0.584035899490118,vbbr_brd,verified_gain_tolerance
9,502385,50,0.2,28.284271247461902,141.4213562373095,0.01,0.01,4.7092212771517,0.48327485760706596,4.6992212771517,0.47327485760706595,0.9934591847480654,0.843059903261661,0.24,12,1073.545761360667,132.0446830142408,56.42698759031223,188.47167060455303,0.0,4,43,1.8388535995036364,vbbr_brd,verified_gain_tolerance
9,502385,50,0.3,34.64101615137755,115.47005383792515,0.01,0.01,4.158450397035617,0.5620629447187623,4.148450397035617,0.5520629447187623,0.9780291512785114,0.9999999999999999,0.28,14,1065.6807268122975,140.54918261763765,63.74673794859897,204.29592056623662,0.0,3,37,1.5433900002390146,vbbr_brd,verified_gain_tolerance
9,502385,50,0.4,40.0,100.0,0.01,0.01,3.772293348929327,0.6727082861047444,3.7622933489293273,0.6627082861047444,0.8884773046026201,0.9999999999999999,0.28,14,1064.6516386097521,133.70849015124375,66.27082861047444,199.9793187617182,0.0,9,79,2.968711500056088,vbbr_brd,verified_gain_tolerance
9,502385,50,0.5,44.721359549995796,89.44271909999159,0.01,0.01,3.4000548615825315,0.7784792709015494,3.3900548615825317,0.7684792709015494,0.8370494178863197,1.0,0.28,14,1062.0450201993044,126.90327293462673,68.73487556141363,195.63814849604034,0.0,7,61,2.368068899959326,vbbr_brd,verified_gain_tolerance
9,502385,50,1.0,63.245553203367585,63.245553203367585,0.01,0.01,2.886605489669362,1.4384323316153607,2.876605489669362,1.4284323316153607,0.47443569989840784,0.7466284681458504,0.2,10,1086.2979225412885,86.31527560108162,67.45190386268575,153.76717946376738,0.0,8,67,1.8553908998146653,vbbr_brd,verified_gain_tolerance
9,502385,50,1.5,77.45966692414834,51.63977794943222,0.01,0.01,2.9946898509030233,1.3337608141097008,2.9846898509030235,1.3237608141097008,0.37967399162953697,0.9630748140443697,0.2,10,1084.4396421427195,87.77800017484219,65.83455625422911,153.6125564290713,0.0,4,43,0.9890087991952896,vbbr_brd,verified_gain_tolerance
9,502385,50,2.0,89.44271909999159,44.721359549995796,0.01,0.01,3.1630989871449393,1.5588189988852572,3.1530989871449395,1.5488189988852572,0.2604105189028734,0.867632574711029,0.16,8,1099.1214105611668,73.4414294786005,60.09682305216503,133.53825253076553,10.322878048548688,11,103,2.6421390995383263,vbbr_brd,cycle_safeguard
9,502385,50,2.5,100.0,40.0,0.01,0.01,2.624406401978074,1.7181830405114251,2.614406401978074,1.708183040511425,0.2916501773323859,1.0,0.18,9,1090.9272676138776,76.24920907558304,68.32732162045701,144.57653069604004,0.0,4,43,0.7570468997582793,vbbr_brd,verified_gain_tolerance
9,502385,50,3.0,109.54451150103323,36.51483716701107,0.01,0.01,2.656229474809953,1.682157905087941,2.646229474809953,1.672157905087941,0.2646393189973289,1.0,0.18,9,1091.503931269498,76.7136233330423,61.05857362181652,137.77219695485883,0.0,5,49,0.8331502992659807,vbbr_brd,verified_gain_tolerance
9,502385,50,4.0,126.49110640673517,31.622776601683793,0.01,0.01,3.2958804647882154,1.6646507944813997,3.2858804647882156,1.6546507944813997,0.16251658140889375,0.9999999999999999,0.14,7,1106.716558590067,67.54752332876598,52.3246524276839,119.87217575644988,0.0,3,37,0.8923578998073936,vbbr_brd,verified_gain_tolerance
10,502386,50,0.1,20.0,200.0,0.01,0.01,4.895597366161026,0.5,4.885597366161027,0.49,1.0,0.35726814887084013,0.18,9,1025.1937460894783,97.71194732322053,35.01227858934233,132.72422591256287,0.0,2,31,0.5536668002605438,vbbr_brd,verified_gain_tolerance
10,502386,50,0.2,28.284271247461902,141.4213562373095,0.01,0.01,3.9639719917316416,0.5011844006696711,3.953971991731642,0.49118440066967106,1.0000000000000002,0.7154322498017254,0.24,12,1002.1599422564286,111.83521631900496,49.69676012001174,161.5319764390167,0.0,3,37,1.2064339993521571,vbbr_brd,verified_gain_tolerance
10,502386,50,0.3,34.64101615137755,115.47005383792515,0.01,0.01,3.7495777162517174,0.5001896207279085,3.7395777162517176,0.4901896207279085,1.0,1.0000000000000002,0.28,14,994.5296384368312,129.5427720680073,56.602221896243705,186.144993964251,0.0,3,37,1.6353927999734879,vbbr_brd,verified_gain_tolerance
10,502386,50,0.4,40.0,100.0,0.01,0.01,3.16435388049129,0.6762095253165855,3.15435388049129,0.6662095253165855,1.0,1.0,0.3,15,991.8371489187606,126.1741552196516,66.62095253165856,192.79510775131016,0.0,10,79,3.8802515994757414,vbbr_brd,verified_gain_tolerance
10,502386,50,0.5,44.721359549995796,89.44271909999159,0.01,0.01,2.5542240319901692,0.8455543058089195,2.5442240319901694,0.8355543058089195,1.0000000000000002,1.0,0.3,15,982.1115607235353,113.7811577103724,74.73424906725566,188.51540677762807,0.0,13,103,6.1654591001570225,vbbr_brd,verified_gain_tolerance
10,502386,50,1.0,63.245553203367585,63.245553203367585,0.01,0.01,2.2316902072541147,1.1577689483121985,2.221690207254115,1.1477689483121984,0.6801450921416664,1.0000000000000002,0.26,13,992.8006401791731,95.56856500972967,72.59128208565241,168.15984709538208,0.0,6,55,2.8535582004114985,vbbr_brd,verified_gain_tolerance
10,502386,50,1.5,77.45966692414834,51.63977794943222,0.01,0.01,2.378447525553545,1.6550048269391802,2.3684475255535453,1.6450048269391802,0.37779131955801243,0.7023423613366041,0.18,9,1021.4987938753641,69.30927680277689,59.662356962828035,128.97163376560493,0.0,3,37,1.0700957998633385,vbbr_brd,verified_gain_tolerance
10,502386,50,2.0,89.44271909999159,44.721359549995796,0.01,0.01,2.9562802773888257,1.3097317917685072,2.946280277388826,1.2997317917685072,0.2934651879264378,0.9116469416241401,0.18,9,1024.2354535508177,77.3349204038633,52.9901829828219,130.32510338668519,0.0,3,37,0.9982560994103551,vbbr_brd,verified_gain_tolerance
10,502386,50,2.5,100.0,40.0,0.01,0.01,2.3586905210129063,1.6682717533438853,2.3486905210129065,1.6582717533438853,0.2938589391609683,0.9031075486056398,0.18,9,1021.3996424252914,69.01837049222746,59.9039095233749,128.92228001560235,0.0,4,43,1.1639913003891706,vbbr_brd,verified_gain_tolerance
10,502386,50,3.0,109.54451150103323,36.51483716701107,0.01,0.01,1.417098460848826,2.344201286014711,1.407098460848826,2.334201286014711,0.38196285902714916,0.8108594785298553,0.2,10,1011.942206776075,58.87572206117686,69.11196961405973,127.98769167523659,0.0,7,67,2.2157252999022603,vbbr_brd,verified_gain_tolerance
10,502386,50,4.0,126.49110640673517,31.622776601683793,0.01,0.01,2.3560088771682,1.6700808597728234,2.3460088771682,1.6600808597728234,0.23244806471291943,1.0,0.18,9,1022.4470473800337,68.97879084634721,52.49636616932715,121.47515701567437,0.0,5,55,1.5528354002162814,vbbr_brd,verified_gain_tolerance
11,502387,50,0.1,20.0,200.0,0.01,0.01,7.222111038973061,0.32134068639885516,7.212111038973061,0.31134068639885515,1.0,0.6097205751340238,0.22,11,1142.827895258068,144.24222077946123,37.966164474746336,182.20838525420757,0.0,6,55,2.491365499794483,vbbr_brd,verified_gain_tolerance
11,502387,50,0.2,28.284271247461902,141.4213562373095,0.01,0.01,6.164322584018586,0.41079523078734936,6.154322584018586,0.40079523078734935,0.9751887930889622,1.0,0.28,14,1128.8632881504864,169.75162939091913,56.68100511139242,226.43263450231154,0.0,6,61,4.558764499612153,vbbr_brd,verified_gain_tolerance
11,502387,50,0.3,34.64101615137755,115.47005383792515,0.01,0.01,4.935564730192781,0.6077330577372005,4.925564730192781,0.5977330577372005,0.9738160307311763,1.0,0.3,15,1115.493227494037,166.15888657671732,69.02026835762217,235.1791549343395,0.0,5,49,3.804012699984014,vbbr_brd,verified_gain_tolerance
11,502387,50,0.4,40.0,100.0,0.01,0.01,4.077164202791889,0.8263785060334513,4.067164202791889,0.8163785060334513,0.9333299642638115,0.9368093525973471,0.3,15,1108.1518341400124,151.8402488018723,76.47910197115871,228.319350773031,0.0,9,79,8.033028899691999,vbbr_brd,verified_gain_tolerance
11,502387,50,0.5,44.721359549995796,89.44271909999159,0.01,0.01,5.0776897610629375,0.6656991368276839,5.067689761062938,0.6556991368276839,0.6527681228577673,0.9999999999999999,0.26,13,1126.8827114794678,147.9394350190274,58.64751370938547,206.58694872841286,0.0,3,37,2.470108000561595,vbbr_brd,verified_gain_tolerance
11,502387,50,1.0,63.245553203367585,63.245553203367585,0.01,0.01,2.4932159674016483,1.7814350550492242,2.4832159674016485,1.7714350550492242,0.7160292019142217,0.9340842719212227,0.28,14,1113.078974708962,112.45408141830147,104.65049571663992,217.1045771349414,0.0,5,49,3.536858799867332,vbbr_brd,verified_gain_tolerance
11,502387,50,1.5,77.45966692414834,51.63977794943222,0.01,0.01,4.205502186188186,1.833251757563335,4.195502186188186,1.823251757563335,0.2924709220585921,0.6954498591436794,0.18,9,1167.4766415781212,95.04784424866328,65.47821483521456,160.52605908387784,0.0,3,37,1.477410700172186,vbbr_brd,verified_gain_tolerance
11,502387,50,2.0,89.44271909999159,44.721359549995796,0.01,0.01,3.761283553105307,2.086158300471931,3.7512835531053073,2.0761583004719313,0.2710193772189927,0.7498012202084192,0.18,9,1165.826492245179,90.93377684082918,69.61800994888755,160.55178678971674,8.78861201880386,11,79,3.246206999756396,vbbr_brd,cycle_safeguard
11,502387,50,2.5,100.0,40.0,0.01,0.01,3.9512634401400337,1.980749726101476,3.941263440140034,1.970749726101476,0.23650775240754462,0.8603199168745341,0.18,9,1166.794624122236,93.21393578735467,67.81900962160528,161.03294540895996,0.0,3,37,1.3663796000182629,vbbr_brd,verified_gain_tolerance
11,502387,50,3.0,109.54451150103323,36.51483716701107,0.01,0.01,3.620252537217104,2.167964191550654,3.610252537217104,2.157964191550654,0.22555544605220473,0.9008227593855609,0.18,9,1165.091887144112,89.20342354737804,70.9827715163824,160.18619506376044,0.0,3,37,1.9097705995664,vbbr_brd,verified_gain_tolerance
11,502387,50,4.0,126.49110640673517,31.622776601683793,0.01,0.01,4.532169275168605,1.6888855908512042,4.522169275168605,1.6788855908512041,0.15565273946622601,1.0,0.16,8,1169.5270912540377,89.03557646136763,53.09102397927354,142.12660044064117,0.0,5,55,1.3977938005700707,vbbr_brd,verified_gain_tolerance
12,502388,50,0.1,20.0,200.0,0.01,0.01,6.184771207100853,0.5,6.174771207100854,0.49,0.9999999999999998,0.4840163317396026,0.2,10,1057.9252040788147,123.49542414201707,47.43360051048105,170.92902465249813,0.0,2,31,1.1420631995424628,vbbr_brd,verified_gain_tolerance
12,502388,50,0.2,28.284271247461902,141.4213562373095,0.01,0.01,4.8785155449603,0.5,4.8685155449603,0.49,1.0,0.7920071938356528,0.26,13,1024.954604976155,137.70241424614193,54.883298435952405,192.58571268209434,0.0,2,31,3.1976568000391126,vbbr_brd,verified_gain_tolerance
12,502388,50,0.3,34.64101615137755,115.47005383792515,0.01,0.01,4.174984007779548,0.7555574028576671,4.164984007779548,0.7455574028576671,0.9721937481938405,0.8446569172927253,0.28,14,1029.4739283752588,140.26741234135238,72.71613682585175,212.98354916720413,0.0,5,49,4.154383699409664,vbbr_brd,verified_gain_tolerance
12,502388,50,0.4,40.0,100.0,0.01,0.01,3.2632262256978435,0.8057800980104491,3.2532262256978437,0.7957800980104491,1.0,1.0000000000000002,0.3,15,1001.1053021955136,130.12904902791374,79.57800980104493,209.70705882895868,0.0,4,43,2.6237726993858814,vbbr_brd,verified_gain_tolerance
12,502388,50,0.5,44.721359549995796,89.44271909999159,0.01,0.01,3.9111147783078857,0.8622945136835338,3.901114778307886,0.8522945136835338,0.7209950365867848,0.9535782161894876,0.26,13,1030.5089275877276,125.78707000939579,72.69273476517174,198.47980477456753,0.0,3,37,3.6892577996477485,vbbr_brd,verified_gain_tolerance
12,502388,50,1.0,63.245553203367585,63.245553203367585,0.01,0.01,2.903113465068629,1.3836977337283365,2.8931134650686294,1.3736977337283365,0.5377188526700963,0.893567012852486,0.24,12,1032.5337596651714,98.38994675744419,77.63334611322522,176.02329287066942,0.0,6,55,2.6365809002891183,vbbr_brd,verified_gain_tolerance
12,502388,50,1.5,77.45966692414834,51.63977794943222,0.01,0.01,3.3956416020685394,1.501631939607902,3.3856416020685396,1.491631939607902,0.3465989168830349,0.8657825187031383,0.2,10,1053.1301804981658,90.89579845832786,66.68909944662667,157.58489790495452,0.0,5,49,2.3632904002442956,vbbr_brd,verified_gain_tolerance
12,502388,50,2.0,89.44271909999159,44.721359549995796,0.01,0.01,3.179481842882121,1.573460945848797,3.169481842882121,1.563460945848797,0.31019913410919003,0.9766342383046247,0.2,10,1050.4053042447097,87.93744493726389,68.28636272835367,156.22380766561756,0.0,5,49,1.5532325003296137,vbbr_brd,verified_gain_tolerance
12,502388,50,2.5,100.0,40.0,0.01,0.01,4.258383758676619,1.8372081435381649,4.248383758676619,1.8272081435381649,0.19482631216653779,0.7289893594103481,0.16,8,1081.5608705287266,82.76969403711801,53.28061176269032,136.05030579980834,0.0,6,55,2.4633576003834605,vbbr_brd,verified_gain_tolerance
12,502388,50,3.0,109.54451150103323,36.51483716701107,0.01,0.01,3.539550098686569,1.518880001178191,3.529550098686569,1.508880001178191,0.21551141796889856,0.9861492114966184,0.18,9,1057.1856984510532,83.32594699312166,54.33337747426461,137.65932446738628,0.0,3,37,1.159761999733746,vbbr_brd,verified_gain_tolerance
12,502388,50,4.0,126.49110640673517,31.622776601683793,0.01,0.01,3.255602152531439,2.5898838330234066,3.2456021525314394,2.579883833023407,0.15203937207524118,0.6551288988775649,0.14,7,1080.7828361169545,62.41821450310677,53.447439990790095,115.86565449389687,0.0,3,37,1.0605531996116042,vbbr_brd,verified_gain_tolerance
13,502389,50,0.1,20.0,200.0,0.01,0.01,4.656256940336051,0.5,4.646256940336051,0.49,0.9816435564916309,0.3533867931198155,0.18,9,1059.6727795775535,91.2193637457081,34.631905725741916,125.85126947145001,0.0,2,31,1.9949128003790975,vbbr_brd,verified_gain_tolerance
13,502389,50,0.2,28.284271247461902,141.4213562373095,0.01,0.01,4.092198248204253,0.5,4.082198248204254,0.49,0.9960733023559448,0.666935137746791,0.24,12,1045.4782797648068,115.00861816477857,46.21624713420932,161.22486529898788,0.0,2,31,2.964659300632775,vbbr_brd,verified_gain_tolerance
13,502389,50,0.3,34.64101615137755,115.47005383792515,0.01,0.01,3.8528927281859695,0.5,3.8428927281859697,0.49,0.9834131631921085,0.9999999999999998,0.28,14,1037.749365741817,130.91364100125105,56.58032638058331,187.49396738183435,0.0,2,31,1.9231207007542253,vbbr_brd,verified_gain_tolerance
13,502389,50,0.4,40.0,100.0,0.01,0.01,3.2410752963285328,0.7201019815820221,3.231075296328533,0.7101019815820221,0.9444387586140323,0.904642774297449,0.28,14,1038.0258323986145,122.06210967411944,64.23886266524764,186.3009723393671,0.0,3,37,2.2443982996046543,vbbr_brd,verified_gain_tolerance
13,502389,50,0.5,44.721359549995796,89.44271909999159,0.01,0.01,2.715646432242363,0.9453574921849011,2.705646432242363,0.935357492184901,0.9724184712102708,0.9310160653768764,0.3,15,1036.217743038134,117.66281677261262,77.88965817295697,195.5524749455696,0.0,4,43,2.73390160035342,vbbr_brd,verified_gain_tolerance
13,502389,50,1.0,63.245553203367585,63.245553203367585,0.01,0.01,2.961928657949381,0.9899959300258439,2.9519286579493813,0.9799959300258438,0.5235972216852972,1.0,0.24,12,1049.690690553151,97.7536959125345,61.98038473153321,159.73408064406772,0.0,3,37,1.4968755999580026,vbbr_brd,verified_gain_tolerance
13,502389,50,1.5,77.45966692414834,51.63977794943222,0.01,0.01,2.180619937781674,1.5073425755495315,2.1706199377816744,1.4973425755495315,0.5429565457794047,0.9999999999999999,0.26,13,1051.2549377381815,91.29026889092594,77.32243811560873,168.61270700653466,0.0,5,49,1.7719086008146405,vbbr_brd,verified_gain_tolerance
13,502389,50,2.0,89.44271909999159,44.721359549995796,0.01,0.01,2.158498318946399,1.5690845983654564,2.148498318946399,1.5590845983654564,0.3991889703979706,0.978996907086026,0.22,11,1053.4306809721477,76.71115909463126,68.25995520010459,144.97111429473586,0.0,3,37,1.529533600434661,vbbr_brd,verified_gain_tolerance
13,502389,50,2.5,100.0,40.0,0.01,0.01,2.4216672092583273,1.3955261061341413,2.4116672092583276,1.3855261061341413,0.27916704103543394,0.9999999999999998,0.18,9,1054.5275915540813,67.32579987708299,55.42104424536565,122.74684412244864,0.0,4,43,0.7704028999432921,vbbr_brd,verified_gain_tolerance
13,502389,50,3.0,109.54451150103323,36.51483716701107,0.01,0.01,2.8206812485570683,1.2639230232462304,2.8106812485570685,1.2539230232462304,0.20907123306549258,1.0,0.16,8,1059.8021920138835,64.3719254945247,45.786795013802355,110.15872050832706,0.0,3,37,0.5755556002259254,vbbr_brd,verified_gain_tolerance
13,502389,50,4.0,126.49110640673517,31.622776601683793,0.01,0.01,2.3259085064545526,1.6125691578684387,2.315908506454553,1.6025691578684387,0.19939102436185066,1.0000000000000002,0.16,8,1060.7108926199135,58.40997142619151,50.67768646802218,109.08765789421369,0.0,4,43,0.5989530002698302,vbbr_brd,verified_gain_tolerance
14,502390,50,0.1,20.0,200.0,0.01,0.01,5.629422944562591,0.5,5.619422944562591,0.49,1.0,0.39566026508462443,0.2,10,1097.8944932610284,112.38845889125182,38.7747059782932,151.16316486954503,0.0,2,31,0.6515112994238734,vbbr_brd,verified_gain_tolerance
14,502390,50,0.2,28.284271247461902,141.4213562373095,0.01,0.01,5.228893296513321,0.4537783070120404,5.218893296513321,0.4437783070120404,0.9999999999999998,0.8193801365329387,0.28,14,1082.6829606527122,147.61259361014336,51.42407617414036,199.03666978428373,0.0,4,43,1.8644857993349433,vbbr_brd,verified_gain_tolerance
14,502390,50,0.3,34.64101615137755,115.47005383792515,0.01,0.01,4.7175427901118105,0.5525127072756792,4.707542790111811,0.5425127072756792,0.965718651436488,0.9485656458353963,0.3,15,1076.9493122599765,157.48366693332892,59.421919299604575,216.9055862329335,0.0,4,43,3.3714576000347733,vbbr_brd,verified_gain_tolerance
14,502390,50,0.4,40.0,100.0,0.01,0.01,4.297112203564068,0.7077339097504978,4.287112203564068,0.6977339097504978,0.9429219150983558,1.0000000000000002,0.32,16,1078.4998459767785,161.69648196904657,69.7733909750498,231.46987294409638,0.0,4,43,2.324788900092244,vbbr_brd,verified_gain_tolerance
14,502390,50,0.5,44.721359549995796,89.44271909999159,0.01,0.01,3.369453918522993,0.9552102630180725,3.359453918522993,0.9452102630180725,0.9575940319281154,0.929818002240382,0.32,16,1063.6103668385495,143.86830164761582,78.6088372357323,222.47713888334812,0.0,6,55,3.1182083999738097,vbbr_brd,verified_gain_tolerance
14,502390,50,1.0,63.245553203367585,63.245553203367585,0.01,0.01,2.647388978745205,1.500809324361238,2.6373889787452054,1.490809324361238,0.7593425397924786,0.9940673674763699,0.32,16,1070.4436821711297,126.66070856247585,93.72768995864153,220.38839852111738,0.0,11,85,3.993623400107026,vbbr_brd,verified_gain_tolerance
14,502390,50,1.5,77.45966692414834,51.63977794943222,0.01,0.01,3.6567351707235902,1.3987147690241115,3.6467351707235904,1.3887147690241115,0.3945392648602945,0.9511983719699054,0.24,12,1101.3881912431993,111.44743610682278,68.21321494810039,179.66065105492316,0.0,4,43,1.851753200404346,vbbr_brd,verified_gain_tolerance
14,502390,50,2.0,89.44271909999159,44.721359549995796,0.01,0.01,2.773453730637758,2.305336715718017,2.763453730637758,2.295336715718017,0.35900449031015597,0.7425721757722271,0.22,11,1108.8340269547152,88.73543273694153,76.22546345958601,164.96089619652753,0.0,5,49,1.4381264001131058,vbbr_brd,verified_gain_tolerance
14,502390,50,2.5,100.0,40.0,0.01,0.01,2.8946391908498135,1.7405007920695266,2.8846391908498137,1.7305007920695266,0.3467808411760486,1.0000000000000002,0.24,12,1092.3286929961587,100.03376050922947,69.22003168278107,169.25379219201054,0.0,3,37,1.159026499837637,vbbr_brd,verified_gain_tolerance
14,502390,50,3.0,109.54451150103323,36.51483716701107,0.01,0.01,2.713545848564336,2.380603623462392,2.703545848564336,2.3706036234623924,0.27105336670037694,0.8353877004119019,0.2,10,1109.3793140387415,80.27478812850747,72.31300162669278,152.58778975520025,7.49003737496777,15,103,2.5343706998974085,vbbr_brd,cycle_safeguard
14,502390,50,4.0,126.49110640673517,31.622776601683793,0.01,0.01,3.548104273469606,1.745638869572111,3.538104273469606,1.735638869572111,0.18874153825418707,0.9999999999999999,0.18,9,1111.7778888486564,84.46914722128597,54.88572023367786,139.35486745496382,0.0,3,37,0.7399987997487187,vbbr_brd,verified_gain_tolerance
15,502391,50,0.1,20.0,200.0,0.01,0.01,5.864675014546121,0.4523235367859408,5.854675014546121,0.4423235367859408,1.0000000000000002,0.5017230719518506,0.2,10,1113.1922855970402,117.09350029092244,44.38478473456992,161.47828502549237,0.0,4,43,0.9928512992337346,vbbr_brd,verified_gain_tolerance
15,502391,50,0.2,28.284271247461902,141.4213562373095,0.01,0.01,4.532650160615255,0.6347363355640914,4.522650160615255,0.6247363355640914,0.9606412281126875,0.6720732613198909,0.24,12,1098.8698209082122,122.88509515711422,59.378384945346426,182.26348010246065,0.0,3,37,2.174323999322951,vbbr_brd,verified_gain_tolerance
15,502391,50,0.3,34.64101615137755,115.47005383792515,0.01,0.01,3.8316892771019795,0.8499570221409862,3.8216892771019797,0.8399570221409862,0.954569195991167,0.7434122685539395,0.26,13,1097.581809619898,126.37274303835562,72.10346862677822,198.47621166513386,0.0,5,49,2.2846484007313848,vbbr_brd,verified_gain_tolerance
15,502391,50,0.4,40.0,100.0,0.01,0.01,3.039026454088303,1.063466491979239,3.0290264540883034,1.053466491979239,0.9831410748266005,0.8182632907942551,0.28,14,1086.662470384576,119.11841295002326,86.20129584684118,205.31970879686443,0.0,6,55,2.759866399690509,vbbr_brd,verified_gain_tolerance
15,502391,50,0.5,44.721359549995796,89.44271909999159,0.01,0.01,3.3001093111642326,1.0501313681060116,3.2901093111642328,1.0401313681060116,0.7967352274546236,0.8634372210224426,0.26,13,1095.6235925508408,117.23015654076899,80.32744505199734,197.55760159276633,6.931997125776633,13,91,4.620233000256121,vbbr_brd,cycle_safeguard
15,502391,50,1.0,63.245553203367585,63.245553203367585,0.01,0.01,2.528974681676522,1.4352971286064582,2.5189746816765224,1.4252971286064582,0.6435628169317442,1.0000000000000002,0.26,13,1093.9281099544437,102.52853266737924,90.14370537788679,192.67223804526603,0.0,7,61,2.0643220003694296,vbbr_brd,verified_gain_tolerance
15,502391,50,1.5,77.45966692414834,51.63977794943222,0.01,0.01,2.712470597474146,1.4762728615354102,2.702470597474146,1.4662728615354101,0.434383581452278,0.9999999999999999,0.22,11,1103.6346041403403,90.93058905480473,75.71800498296716,166.6485940377719,0.0,6,55,1.4127272991463542,vbbr_brd,verified_gain_tolerance
15,502391,50,2.0,89.44271909999159,44.721359549995796,0.01,0.01,2.224816058925428,1.7918259372567855,2.2148160589254284,1.7818259372567855,0.41537418073203103,1.0,0.22,11,1102.4717233011584,82.28528069857232,79.68567839556896,161.97095909414128,0.0,5,49,1.2918415004387498,vbbr_brd,verified_gain_tolerance
15,502391,50,2.5,100.0,40.0,0.01,0.01,2.5635010455364164,1.7317445565935403,2.5535010455364167,1.7217445565935403,0.3123465171556257,1.0000000000000002,0.2,10,1111.6040502907783,79.75771581265485,68.86978226374161,148.62749807639648,0.0,3,37,0.7879949994385242,vbbr_brd,verified_gain_tolerance
15,502391,50,3.0,109.54451150103323,36.51483716701107,0.01,0.01,1.7128249451013184,2.607394443414822,1.7028249451013184,2.597394443414822,0.34882395709748437,0.9418390160983607,0.2,10,1115.3392969584004,65.0679210620913,89.32724765428677,154.39516871637807,0.0,9,79,1.7601698003709316,vbbr_brd,verified_gain_tolerance
15,502391,50,4.0,126.49110640673517,31.622776601683793,0.01,0.01,2.439005223931069,2.0266063014817157,2.4290052239310693,2.016606301481716,0.1983483569329124,0.9693654736061712,0.16,8,1119.185741824868,60.94204834910481,61.8171056620286,122.7591540111334,0.0,5,49,1.0708636995404959,vbbr_brd,verified_gain_tolerance
16,502392,50,0.1,20.0,200.0,0.01,0.01,6.3724468715557245,0.5,6.362446871555725,0.49,0.9770112482397378,0.48506190516295944,0.2,10,1136.9543462198276,124.32364319675347,47.53606670597002,171.8597099027235,0.0,2,31,1.1794330002740026,vbbr_brd,verified_gain_tolerance
16,502392,50,0.2,28.284271247461902,141.4213562373095,0.01,0.01,5.46241581571589,0.524995836342462,5.452415815715891,0.514995836342462,0.9417181405622684,0.8329484637057386,0.26,13,1119.3994767124811,145.2295189400443,60.66481076259642,205.89432970264073,0.0,3,37,1.323610999621451,vbbr_brd,verified_gain_tolerance
16,502392,50,0.3,34.64101615137755,115.47005383792515,0.01,0.01,3.7831827180228954,0.9231537456303689,3.7731827180228956,0.9131537456303689,1.0,0.8251267585119286,0.28,14,1109.9299648314225,130.70688347712976,87.00294320033102,217.7098266774608,0.0,8,67,2.961962000466883,vbbr_brd,verified_gain_tolerance
16,502392,50,0.4,40.0,100.0,0.01,0.01,3.1051791159517697,1.2505285517703828,3.09517911595177,1.2405285517703828,0.9576384070970377,0.8186160433665333,0.28,14,1114.0686098577264,118.56249593120282,101.55165747334864,220.11415340455147,0.0,12,97,4.173954700119793,vbbr_brd,verified_gain_tolerance
16,502392,50,0.5,44.721359549995796,89.44271909999159,0.01,0.01,3.6435491002577782,1.081672185812039,3.6335491002577784,1.071672185812039,0.7907288130762692,0.9840886729554418,0.28,14,1119.5433682400433,128.4912621714538,94.32812148745388,222.81938365890767,0.0,5,49,2.319570400752127,vbbr_brd,verified_gain_tolerance
16,502392,50,1.0,63.245553203367585,63.245553203367585,0.01,0.01,2.511477492998713,1.5585069503287798,2.5014774929987134,1.5485069503287798,0.6501932875396067,1.0,0.28,14,1114.2182158968133,102.86534262096168,97.93617871280334,200.80152133376504,0.0,11,91,4.5702783009037375,vbbr_brd,verified_gain_tolerance
16,502392,50,1.5,77.45966692414834,51.63977794943222,0.01,0.01,2.5982423102285863,1.629250910013852,2.5882423102285865,1.619250910013852,0.42442224101433557,1.0,0.22,11,1121.6657863254613,85.09003293321989,83.61775743753137,168.70779037075124,0.0,5,49,1.179322499781847,vbbr_brd,verified_gain_tolerance
16,502392,50,2.0,89.44271909999159,44.721359549995796,0.01,0.01,3.4996496556200696,1.5313264741725605,3.48964965562007,1.5213264741725605,0.2636008443136249,1.0,0.18,9,1142.1825223333803,82.27608505969827,68.03578824439847,150.31187330409676,0.0,3,37,0.6508065992966294,vbbr_brd,verified_gain_tolerance
16,502392,50,2.5,100.0,40.0,0.01,0.01,2.844333668098959,1.9236137646704776,2.8343336680989593,1.9136137646704776,0.26152535750530825,1.0,0.18,9,1142.852029227652,74.1250125838912,76.5445505868191,150.66956317071032,0.0,4,43,0.837355699390173,vbbr_brd,verified_gain_tolerance
16,502392,50,3.0,109.54451150103323,36.51483716701107,0.01,0.01,2.7704833405783087,1.973536063275287,2.760483340578309,1.963536063275287,0.24189989560296596,1.0,0.18,9,1143.6739065504134,73.1495122210651,71.69819962205106,144.84771184311614,0.0,5,55,1.0176895000040531,vbbr_brd,verified_gain_tolerance
16,502392,50,4.0,126.49110640673517,31.622776601683793,0.01,0.01,2.63431807020243,2.236938312326011,2.6243180702024302,2.2269383123260114,0.1917084754558108,1.0,0.16,8,1149.5721287878869,63.638183665738566,70.4219727564162,134.06015642215476,0.0,5,55,0.8196101002395153,vbbr_brd,verified_gain_tolerance
17,502393,50,0.1,20.0,200.0,0.01,0.01,6.9310157461278274,1.6877175135490217,6.921015746127828,1.6777175135490217,0.6797284225637472,0.1484878910660311,0.14,7,1112.7287048226144,94.08822231308648,49.82414707828793,143.9123693913744,0.0,3,37,0.5661909999325871,vbbr_brd,verified_gain_tolerance
17,502393,50,0.2,28.284271247461902,141.4213562373095,0.01,0.01,5.709320995461181,1.0358347977143825,5.699320995461181,1.0258347977143825,0.7315914202195706,0.34879514592276095,0.2,10,1068.1877210566283,117.93337165738916,50.60143778582125,168.5348094432104,0.0,3,37,0.9202717998996377,vbbr_brd,verified_gain_tolerance
17,502393,50,0.3,34.64101615137755,115.47005383792515,0.01,0.01,5.709320995461181,1.0358347977143825,5.699320995461181,1.0258347977143825,0.5973418932453386,0.4271850661351824,0.2,10,1068.1877210566283,117.93337165738916,50.60143778582125,168.5348094432104,0.0,3,37,0.9642643993720412,vbbr_brd,verified_gain_tolerance
17,502393,50,0.4,40.0,100.0,0.01,0.01,5.709213566746161,1.0358931226537866,5.699213566746161,1.0258931226537866,0.5173181213434882,0.49325693909500773,0.2,10,1068.1883750328493,117.93225821937781,50.60289015188261,168.53514837126042,0.0,3,37,1.0302117001265287,vbbr_brd,verified_gain_tolerance
17,502393,50,0.5,44.721359549995796,89.44271909999159,0.01,0.01,4.255688278842074,0.6557000931768764,4.245688278842074,0.6457000931768764,0.7333721660244256,1.0000000000000002,0.28,14,1005.8174254454761,139.24753811824672,57.753172056857764,197.00071017510447,0.0,5,49,1.8093908000737429,vbbr_brd,verified_gain_tolerance
17,502393,50,1.0,63.245553203367585,63.245553203367585,0.01,0.01,4.462173226434937,1.8792704237505513,4.452173226434938,1.8692704237505513,0.3700859680353124,0.5790366369670614,0.2,10,1076.2469421420326,104.20886559837005,68.45547267300245,172.66433827137251,0.0,3,37,0.8802964007481933,vbbr_brd,verified_gain_tolerance
17,502393,50,1.5,77.45966692414834,51.63977794943222,0.01,0.01,4.110028212390225,2.188295005694023,4.100028212390225,2.1782950056940233,0.3148529747873125,0.657193679126035,0.2,10,1078.7215921869058,99.99315493936301,73.92552877438867,173.91868371375168,0.0,3,37,0.9037942998111248,vbbr_brd,verified_gain_tolerance
17,502393,50,2.0,89.44271909999159,44.721359549995796,0.01,0.01,3.7775895478145367,2.5153822509106916,3.767589547814537,2.5053822509106918,0.28441562399435977,0.7078050951363066,0.2,10,1081.1570570028805,95.84335923404637,79.30538518070715,175.14874441475354,0.0,3,37,0.8278051000088453,vbbr_brd,verified_gain_tolerance
17,502393,50,2.5,100.0,40.0,0.01,0.01,3.474829617647654,2.847124060331949,3.4648296176476543,2.8371240603319494,0.2652400312241764,0.7438193831190091,0.2,10,1083.4701781493268,91.9011515971315,84.41231473552835,176.31346633265986,0.0,3,37,0.8950699996203184,vbbr_brd,verified_gain_tolerance
17,502393,50,3.0,109.54451150103323,36.51483716701107,0.01,0.01,3.2002462984321056,3.1775128382944087,3.190246298432106,3.167512838294409,0.24865325228336146,0.7558085218718549,0.2,10,1085.5936118688849,86.89783980817148,87.41773233609574,174.3155721442672,0.0,3,37,0.8924391996115446,vbbr_brd,verified_gain_tolerance
17,502393,50,4.0,126.49110640673517,31.622776601683793,0.01,0.01,4.046202302558699,2.2482938655621045,4.036202302558699,2.2382938655621047,0.19432203051884286,0.9999999999999998,0.2,10,1079.4269367425222,99.20988746779094,70.78106687958967,169.9909543473806,0.0,7,67,1.2076183995231986,vbbr_brd,verified_gain_tolerance
18,502394,50,0.1,20.0,200.0,0.01,0.01,5.87525224026683,0.5,5.86525224026683,0.49,0.9311162589063532,0.43723586579834717,0.2,10,1031.3568421692794,109.22463446998717,42.849114848238024,152.0737493182252,0.0,2,31,0.7363747004419565,vbbr_brd,verified_gain_tolerance
18,502394,50,0.2,28.284271247461902,141.4213562373095,0.01,0.01,4.281867196977795,0.8073716246426491,4.271867196977795,0.7973716246426491,0.8497393292918399,0.5064039745184681,0.22,11,1021.9804679820706,102.67115698402762,57.10483488925244,159.77599187328005,0.0,3,37,1.0330408001318574,vbbr_brd,verified_gain_tolerance
18,502394,50,0.3,34.64101615137755,115.47005383792515,0.01,0.01,3.4596644474707174,0.8395205144963402,3.4496644474707177,0.8295205144963402,0.8900833534484502,0.7049711788174634,0.26,13,1002.3290386994261,106.36485556632368,67.52550818974736,173.89036375607105,0.0,9,79,3.2136927992105484,vbbr_brd,verified_gain_tolerance
18,502394,50,0.4,40.0,100.0,0.01,0.01,2.923689304993488,0.8391179471109853,2.913689304993488,0.8291179471109853,0.9549536550072109,0.9119027776628422,0.3,15,984.4175968279769,111.29753005435803,75.6074958980621,186.90502595242015,0.0,10,79,3.52406569942832,vbbr_brd,verified_gain_tolerance
18,502394,50,0.5,44.721359549995796,89.44271909999159,0.01,0.01,2.6826058005209927,0.9624119812228386,2.672605800520993,0.9524119812228385,0.8916911753677669,0.9519947197024009,0.3,15,985.868590561111,106.57721641476796,81.09692426428299,187.67414067905094,0.0,10,79,3.4485217994078994,vbbr_brd,verified_gain_tolerance
18,502394,50,1.0,63.245553203367585,63.245553203367585,0.01,0.01,3.29026708152788,1.0740933569695854,3.2802670815278803,1.0640933569695854,0.43259684739346715,0.9371698719243732,0.22,11,1013.989390906155,89.7475396263573,63.070757361240915,152.81829698759822,0.0,3,37,1.0552065996453166,vbbr_brd,verified_gain_tolerance
18,502394,50,1.5,77.45966692414834,51.63977794943222,0.01,0.01,2.9439972685574265,1.174983594794237,2.9339972685574267,1.164983594794237,0.3690722312813415,1.0,0.22,11,1010.351353873916,83.8777362319589,60.15949414990571,144.03723038186462,0.0,3,37,0.9823339004069567,vbbr_brd,verified_gain_tolerance
18,502394,50,2.0,89.44271909999159,44.721359549995796,0.01,0.01,3.0171406143572908,1.2897277668127896,3.007140614357291,1.2797277668127895,0.288769155488256,0.9503577876495769,0.2,10,1017.325823052462,77.66932529603491,54.390083910678015,132.05940920671293,0.0,5,55,1.851291200146079,vbbr_brd,verified_gain_tolerance
18,502394,50,2.5,100.0,40.0,0.01,0.01,2.8887793644168296,1.9861831755248436,2.87877936441683,1.9761831755248436,0.21594102861873166,0.6742045818964908,0.16,8,1038.0493595846074,62.16465771185487,53.294070064224265,115.45872777607914,0.0,5,55,1.0082133999094367,vbbr_brd,verified_gain_tolerance
18,502394,50,3.0,109.54451150103323,36.51483716701107,0.01,0.01,4.260545898923773,1.2407713704355345,4.250545898923773,1.2307713704355345,0.16195616913722555,0.9619953436892421,0.16,8,1041.6929474610602,75.41067510535892,43.23343310518461,118.64410821054352,0.0,6,55,1.0162347005680203,vbbr_brd,verified_gain_tolerance
18,502394,50,4.0,126.49110640673517,31.622776601683793,0.01,0.01,2.913682195311042,1.9886315209198029,2.9036821953110423,1.9786315209198029,0.15071807675534307,0.7558173262104565,0.14,7,1038.6519670043367,55.357238423233234,47.29135599110249,102.64859441433572,7.076644241473403,11,79,1.041698900051415,vbbr_brd,cycle_safeguard
19,502395,50,0.1,20.0,200.0,0.01,0.01,4.350201752705302,0.4523116801263147,4.340201752705302,0.44231168012631467,1.0000000000000004,0.40525728382163545,0.18,9,1000.9885658538017,86.80403505410605,35.85000601811487,122.65404107222092,0.0,3,37,0.686749099753797,vbbr_brd,verified_gain_tolerance
19,502395,50,0.2,28.284271247461902,141.4213562373095,0.01,0.01,3.3793676473708194,0.6558112616508868,3.3693676473708196,0.6458112616508868,0.9357336193527472,0.5072661751636272,0.2,10,992.3062464791154,89.17551542395898,46.3293829576237,135.50489838158268,0.0,4,43,1.0905670002102852,vbbr_brd,verified_gain_tolerance
19,502395,50,0.3,34.64101615137755,115.47005383792515,0.01,0.01,3.274097804205724,0.5,3.2640978042057243,0.49,1.0,0.9668678938918414,0.26,13,976.0383581159481,113.07166475516648,54.705701003307595,167.77736575847408,0.0,2,31,1.0441049002110958,vbbr_brd,verified_gain_tolerance
19,502395,50,0.4,40.0,100.0,0.01,0.01,2.7521326729370528,0.6289291570398151,2.742132672937053,0.6189291570398151,1.0,1.0,0.28,14,970.4059511053999,109.68530691748214,61.89291570398152,171.57822262146365,0.0,4,43,1.7324548000469804,vbbr_brd,verified_gain_tolerance
19,502395,50,0.5,44.721359549995796,89.44271909999159,0.01,0.01,2.783512357990668,0.8377704228339782,2.7735123579906684,0.8277704228339782,0.7107170986926163,0.7471691617035838,0.22,11,987.1887433502329,88.15396830928546,55.318938344927204,143.47290665421266,0.0,3,37,1.0998836997896433,vbbr_brd,verified_gain_tolerance
19,502395,50,1.0,63.245553203367585,63.245553203367585,0.01,0.01,2.2878238459140854,0.8366014990109791,2.2778238459140856,0.8266014990109791,0.6007586559633338,1.0000000000000002,0.24,12,970.6379443603265,86.54663121009524,52.27886908368228,138.8255002937775,0.0,6,55,1.6279261000454426,vbbr_brd,verified_gain_tolerance
19,502395,50,1.5,77.45966692414834,51.63977794943222,0.01,0.01,2.3653452167309723,0.8959394483797266,2.3553452167309725,0.8859394483797266,0.4391383567799907,1.0000000000000002,0.22,11,977.4155716458904,80.11827077472728,45.74971639097156,125.86798716569884,0.0,6,55,1.818915399722755,vbbr_brd,verified_gain_tolerance
19,502395,50,2.0,89.44271909999159,44.721359549995796,0.01,0.01,1.775836462559944,1.2783480177291828,1.765836462559944,1.2683480177291828,0.43891233543404384,1.0000000000000002,0.22,11,974.5740926505651,69.32234740406933,56.722247735391235,126.04459513946057,0.0,10,85,1.8893067995086312,vbbr_brd,verified_gain_tolerance
19,502395,50,2.5,100.0,40.0,0.01,0.01,2.9244749136828605,0.9604307316940972,2.9144749136828607,0.9504307316940972,0.25821090787166956,0.9999999999999998,0.18,9,997.3114752499193,75.25492134312572,38.01722926776388,113.2721506108896,0.0,5,49,1.0019621001556516,vbbr_brd,verified_gain_tolerance
19,502395,50,3.0,109.54451150103323,36.51483716701107,0.01,0.01,1.4296577839078535,1.6453827690986953,1.4196577839078535,1.6353827690986953,0.393130495587584,1.0,0.22,11,975.6504603665551,61.13797146072825,59.715735519374526,120.85370698010277,0.0,6,55,1.3231207998469472,vbbr_brd,verified_gain_tolerance
19,502395,50,4.0,126.49110640673517,31.622776601683793,0.01,0.01,2.65034360437263,1.2303810639528958,2.6403436043726303,1.2203810639528958,0.19318650376778335,0.9999999999999999,0.16,8,1000.7026773717548,64.5204254008759,38.591837754307605,103.1122631551835,0.0,3,37,0.5273325992748141,vbbr_brd,verified_gain_tolerance
20,502396,50,0.1,20.0,200.0,0.01,0.01,4.996493657711551,0.854593464373477,4.986493657711551,0.844593464373477,1.0,0.2867278428574096,0.18,9,1111.778725730282,99.72987315423102,48.4336924262547,148.1635655804857,0.0,7,67,1.1188764004036784,vbbr_brd,verified_gain_tolerance
20,502396,50,0.2,28.284271247461902,141.4213562373095,0.01,0.01,5.091370496927755,0.5,5.0813704969277556,0.49,0.9999999999999999,0.8227726213618702,0.26,13,1085.169084811679,143.7228614439549,57.01523379408179,200.7380952380367,0.0,2,31,1.1222497001290321,vbbr_brd,verified_gain_tolerance
20,502396,50,0.3,34.64101615137755,115.47005383792515,0.01,0.01,4.58269908036703,0.7030001598329284,4.57269908036703,0.6930001598329284,0.8737998841314116,0.7925874051672296,0.26,13,1090.3827159365592,138.41247297592219,63.42345109765077,201.83592407357295,0.0,3,37,1.4768909998238087,vbbr_brd,verified_gain_tolerance
20,502396,50,0.4,40.0,100.0,0.01,0.01,4.512305147624776,0.7351750949162328,4.502305147624776,0.7251750949162328,0.7626127362081864,0.8949501678127518,0.26,13,1091.1554041968302,137.34060991497333,64.89955728889107,202.24016720386442,0.0,3,37,1.5805809004232287,vbbr_brd,verified_gain_tolerance
20,502396,50,0.5,44.721359549995796,89.44271909999159,0.01,0.01,4.317110355273795,0.8295937648556616,4.307110355273795,0.8195937648556616,0.6973514416524907,0.9419254120691831,0.26,13,1093.3300877584893,134.3237167129833,69.04943878800974,203.37315550099305,0.0,3,37,1.3399900002405047,vbbr_brd,verified_gain_tolerance
20,502396,50,1.0,63.245553203367585,63.245553203367585,0.01,0.01,3.110005843624745,1.452968482618984,3.100005843624745,1.442968482618984,0.5752324749863444,0.9568797638835344,0.26,13,1096.3499582782438,112.78099050957103,87.32612941181867,200.1071199213897,0.0,7,61,2.641181600280106,vbbr_brd,verified_gain_tolerance
20,502396,50,1.5,77.45966692414834,51.63977794943222,0.01,0.01,3.25347218503246,1.4380827833652876,3.24347218503246,1.4280827833652876,0.3916258631953152,0.9710839393443753,0.22,11,1100.2908594892097,98.39140636562699,71.61343755006037,170.00484391568736,0.0,3,37,1.3358254991471767,vbbr_brd,verified_gain_tolerance
20,502396,50,2.0,89.44271909999159,44.721359549995796,0.01,0.01,2.6736782121997376,1.7348938166430343,2.6636782121997378,1.7248938166430343,0.37412865909919113,1.0000000000000002,0.22,11,1096.0606314701545,89.13488926363486,77.13959655965766,166.27448582329254,0.0,8,73,1.721115899272263,vbbr_brd,verified_gain_tolerance
20,502396,50,2.5,100.0,40.0,0.01,0.01,3.344812356135589,3.1595261282208025,3.3348123561355894,3.1495261282208027,0.19065601405042834,0.493321418217492,0.14,7,1154.808203131439,63.580203142692895,62.14914785147731,125.7293509941702,0.0,5,49,0.8430310003459454,vbbr_brd,verified_gain_tolerance
20,502396,50,3.0,109.54451150103323,36.51483716701107,0.01,0.01,3.8263724257724405,2.799533199770891,3.8163724257724407,2.7895331997708914,0.1630203183652017,0.6262548784042555,0.14,7,1156.1626430894526,68.15270680288522,63.78991520029467,131.9426220031799,0.0,3,37,0.6279686996713281,vbbr_brd,verified_gain_tolerance
20,502396,50,4.0,126.49110640673517,31.622776601683793,0.01,0.01,3.304493051935727,3.1918380109286533,3.2944930519357274,3.1818380109286535,0.17504190803861147,0.7369790587738629,0.16,8,1154.673144579771,72.94417654647977,74.15376619206296,147.0979427385427,0.0,3,37,0.5669483002275229,vbbr_brd,verified_gain_tolerance
