metric,method,n_users,count,mean,std,min,max,source
ne_gap,Proposed,50,10,4.97948772625,4.40104525315,0,14.5702145601,q4_proposed_ne_gap_audit
ne_gap,Proposed,100,10,3.8827233206,3.2680831099,0,9.70928756418,q4_proposed_ne_gap_audit
ne_gap,Proposed,150,10,5.46532756033,3.92075545817,0.0607123843415,12.1698095756,q4_proposed_ne_gap_audit
ne_gap,Proposed,200,10,6.85307822662,1.94050991352,4.4671911874,11.0084475368,q4_proposed_ne_gap_audit
ne_gap,Proposed,250,10,6.49624862133,3.30438099819,0.990617652395,10.6711255582,q4_proposed_ne_gap_audit
ne_gap,GA,50,10,1.38536169321,2.70060570962,0,9.28481386903,old_rerun_baseline
ne_gap,GA,100,10,5.12640798749,6.33054691391,0.0897289990279,20.5572145261,old_rerun_baseline
ne_gap,GA,150,10,1.23801290664,2.3409205367,0,8.1098994958,old_rerun_baseline
ne_gap,GA,200,10,2.07575364525,1.90939295549,0,5.55309109244,old_rerun_baseline
ne_gap,GA,250,10,1.41707771128,1.23296133395,0,4.16869305678,old_rerun_baseline
ne_gap,BO-online,50,10,4.01335198165,2.55314243924,1.00698232816,9.49098146539,old_rerun_baseline
ne_gap,BO-online,100,10,3.62180096457,2.62912328087,0.275780238922,9.42061132548,old_rerun_baseline
ne_gap,BO-online,150,10,4.69122764821,3.24330739422,0.843256638559,11.3572190916,old_rerun_baseline
ne_gap,BO-online,200,10,6.60773313934,4.7698901679,0.246525061679,16.8091919364,old_rerun_baseline
ne_gap,BO-online,250,10,7.38833606761,5.26865004449,0.611409996017,20.6743462596,old_rerun_baseline
ne_gap,MARL,50,10,27.9508922471,11.4019510354,3.83510198096,44.0037789708,old_rerun_baseline
ne_gap,MARL,100,10,36.1307139087,16.2059345529,8.36932299719,56.9091846586,old_rerun_baseline
ne_gap,MARL,150,10,52.7151346061,19.3493498026,26.9652179312,90.01226661,old_rerun_baseline
ne_gap,MARL,200,10,77.7064692093,11.4026426739,63.8644807947,96.5042203149,old_rerun_baseline
ne_gap,MARL,250,10,70.3086672473,18.2021640411,22.9857807666,96.8541581611,old_rerun_baseline
joint_revenue,Proposed,50,10,141.856727541,19.3996243147,114.397377672,185.075035019,q4_proposed
joint_revenue,Proposed,100,10,204.305125063,29.3206365736,140.987087528,244.202402089,q4_proposed
joint_revenue,Proposed,150,10,270.144052197,48.7422055718,180.20058217,358.427686443,q4_proposed
joint_revenue,Proposed,200,10,307.767909551,30.4166482989,269.719961536,377.003000873,q4_proposed
joint_revenue,Proposed,250,10,325.460768042,42.4453309627,270.414056187,427.004839896,q4_proposed
joint_revenue,GA,50,10,150.761530648,26.3472447673,93.0301246165,193.887871117,old_rerun_baseline
joint_revenue,GA,100,10,190.134401377,43.3211084981,122.153043482,269.5492595,old_rerun_baseline
joint_revenue,GA,150,10,294.80711986,47.6612118409,211.800985665,370.719322372,old_rerun_baseline
joint_revenue,GA,200,10,317.389968543,25.6623845995,275.020705384,350.528704777,old_rerun_baseline
joint_revenue,GA,250,10,346.241094226,46.3762005904,287.264973362,450.776317273,old_rerun_baseline
joint_revenue,BO-online,50,10,136.479713562,24.1256325212,96.876212473,192.538359897,old_rerun_baseline
joint_revenue,BO-online,100,10,197.961570592,18.125589221,169.398822916,226.07310402,old_rerun_baseline
joint_revenue,BO-online,150,10,266.099582679,38.6236977702,199.878738908,330.110024339,old_rerun_baseline
joint_revenue,BO-online,200,10,282.708317689,11.2748358075,266.031329605,304.566633317,old_rerun_baseline
joint_revenue,BO-online,250,10,310.008957678,46.5797192117,272.984305292,436.804312861,old_rerun_baseline
joint_revenue,MARL,50,10,53.4638770404,46.488644915,14.6028964538,166.301609686,old_rerun_baseline
joint_revenue,MARL,100,10,81.2621572619,42.0202185109,21.2594147877,167.116749083,old_rerun_baseline
joint_revenue,MARL,150,10,131.146026376,65.6902245441,68.6917948061,254.804915025,old_rerun_baseline
joint_revenue,MARL,200,10,126.069497785,26.9728853036,84.098861917,162.254306471,old_rerun_baseline
joint_revenue,MARL,250,10,176.509523023,84.0772949669,97.0719417443,400.681333294,old_rerun_baseline
runtime_sec,Proposed,50,10,0.384947991697,0.19733388382,0.196557541029,0.839346083929,q4_proposed
runtime_sec,Proposed,100,10,0.780582662509,0.250369515773,0.254380999948,1.24169370905,q4_proposed
runtime_sec,Proposed,150,10,1.18614255,0.473598446916,0.544272041996,2.30227354099,q4_proposed
runtime_sec,Proposed,200,10,1.7174177122,1.0446508243,0.778853458003,4.20894708298,q4_proposed
runtime_sec,Proposed,250,10,1.63215920409,0.399444011341,1.11805220903,2.29812262498,q4_proposed
runtime_sec,GA,50,10,388.565419084,89.9175597229,297.27072875,566.251947042,old_rerun_baseline
runtime_sec,GA,100,10,1375.17727298,387.522098219,920.444957083,2179.26556587,old_rerun_baseline
runtime_sec,GA,150,10,4142.73631238,442.992634385,3414.66994083,4891.72157517,old_rerun_baseline
runtime_sec,GA,200,10,11722.6333445,3597.28545685,8206.11841696,19943.8378692,old_rerun_baseline
runtime_sec,GA,250,10,19053.9625699,3904.48610223,14437.3847996,26801.7562878,old_rerun_baseline
runtime_sec,BO-online,50,10,145.253041887,21.5146090913,116.146985541,191.651497125,old_rerun_baseline
runtime_sec,BO-online,100,10,522.726466963,169.34136665,355.011916292,873.523941416,old_rerun_baseline
runtime_sec,BO-online,150,10,1486.36447577,216.381661818,1165.97370575,1831.04327646,old_rerun_baseline
runtime_sec,BO-online,200,10,3550.5421205,656.554068749,2888.35137192,4988.20517892,old_rerun_baseline
runtime_sec,BO-online,250,10,7017.00842115,1434.10352705,5377.28991733,10222.2751966,old_rerun_baseline
runtime_sec,MARL,50,10,7.4039322542,1.46917298546,5.451157292,10.118199916,old_rerun_baseline
runtime_sec,MARL,100,10,27.5994801999,8.61744101299,18.552140083,45.965331625,old_rerun_baseline
runtime_sec,MARL,150,10,78.1707910583,13.4167388742,59.108824583,100.656631208,old_rerun_baseline
runtime_sec,MARL,200,10,174.627290308,15.2658742518,144.949544833,194.046135375,old_rerun_baseline
runtime_sec,MARL,250,10,335.937685392,47.8403368544,274.396601958,446.07080075,old_rerun_baseline
total_stage2_solver_calls,Proposed,50,10,47.8,9.6,37,67,q4_proposed
total_stage2_solver_calls,Proposed,100,10,56.8,10.7498837203,37,79,q4_proposed
total_stage2_solver_calls,Proposed,150,10,61,18.5903200618,37,85,q4_proposed
total_stage2_solver_calls,Proposed,200,10,90.4,90.2576312563,37,355,q4_proposed
total_stage2_solver_calls,Proposed,250,10,57.4,12.9243955371,37,85,q4_proposed
total_stage2_solver_calls,GA,50,10,3238.9,355.617055272,2677,3941,old_rerun_baseline
total_stage2_solver_calls,GA,100,10,3117.4,194.214932485,2826,3437,old_rerun_baseline
total_stage2_solver_calls,GA,150,10,3268.3,386.944194943,2518,3763,old_rerun_baseline
total_stage2_solver_calls,GA,200,10,3307.1,296.578977677,2748,3764,old_rerun_baseline
total_stage2_solver_calls,GA,250,10,3262.5,358.640000558,2849,3993,old_rerun_baseline
total_stage2_solver_calls,BO-online,50,10,1311,0,1311,1311,old_rerun_baseline
total_stage2_solver_calls,BO-online,100,10,1311,0,1311,1311,old_rerun_baseline
total_stage2_solver_calls,BO-online,150,10,1311,0,1311,1311,old_rerun_baseline
total_stage2_solver_calls,BO-online,200,10,1311,0,1311,1311,old_rerun_baseline
total_stage2_solver_calls,BO-online,250,10,1311,0,1311,1311,old_rerun_baseline
total_stage2_solver_calls,MARL,50,10,300.8,2.4,300,308,old_rerun_baseline
total_stage2_solver_calls,MARL,100,10,300.4,1.2,300,304,old_rerun_baseline
total_stage2_solver_calls,MARL,150,10,300,0,300,300,old_rerun_baseline
total_stage2_solver_calls,MARL,200,10,300,0,300,300,old_rerun_baseline
total_stage2_solver_calls,MARL,250,10,300,0,300,300,old_rerun_baseline
