pE,pN,combined_gap
0.05,0.05,83.13379061
0.1978723404,0.05,81.20367244
0.3457446809,0.05,77.20174447000001
0.4936170213,0.05,72.98540975
0.6414893617,0.05,70.78520819
0.7893617021,0.05,68.51600433
0.9372340426,0.05,66.17086826
1.085106383,0.05,63.74162621
1.232978723,0.05,61.21852353
1.380851064,0.05,58.589760479999995
1.528723404,0.05,58.589760479999995
1.676595745,0.05,55.84083635
1.824468085,0.05,52.953595629999995
1.972340426,0.05,47.31914894
2.120212766,0.05,47.31914894
2.268085106,0.05,44.12281794
2.415957447,0.05,42.87359142
2.563829787,0.05,41.245691789999995
2.711702128,0.05,39.06635354
2.859574468,0.05,39.06635354
3.007446809,0.05,37.02227551
3.155319149,0.05,37.02227551
3.303191489,0.05,34.86381579
3.45106383,0.05,34.86381579
3.59893617,0.05,32.56931596
3.746808511,0.05,32.56931596
3.894680851,0.05,30.10927731
4.042553191,0.05,30.10927731
4.190425532,0.05,30.10927731
4.338297872,0.05,27.44170024
4.486170213,0.05,27.44170024
4.634042553,0.05,27.44170024
4.781914894,0.05,24.98043671
4.929787234,0.05,23.65957447
5.077659574,0.05,23.65957447
5.225531915,0.05,22.2335642
5.373404255,0.05,20.73382788
5.521276596,0.05,20.73382788
5.669148936,0.05,19.12589168
5.817021277,0.05,19.12589168
5.964893617,0.05,19.12589168
6.112765957,0.05,17.382303739999998
6.260638298,0.05,17.382303739999998
6.408510638,0.05,15.70322864
6.556382979,0.05,15.461577880000002
6.704255319,0.05,16.196869909999997
6.85212766,0.05,15.606704729999997
7.0,0.05,15.022892329999998
0.05,0.1978723404,77.218896993
0.1978723404,0.1978723404,75.288778823
0.3457446809,0.1978723404,71.286850853
0.4936170213,0.1978723404,67.070516133
0.6414893617,0.1978723404,64.870314573
0.7893617021,0.1978723404,62.601110713
0.9372340426,0.1978723404,60.255974643
1.085106383,0.1978723404,57.826732593
1.232978723,0.1978723404,55.303629913
1.380851064,0.1978723404,52.674866863
1.528723404,0.1978723404,52.674866863
1.676595745,0.1978723404,49.925942733
1.824468085,0.1978723404,47.038702013
1.972340426,0.1978723404,41.404255323
2.120212766,0.1978723404,41.404255323
2.268085106,0.1978723404,38.207924323
2.415957447,0.1978723404,36.958697803
2.563829787,0.1978723404,35.330798173
2.711702128,0.1978723404,33.151459923000004
2.859574468,0.1978723404,33.151459923000004
3.007446809,0.1978723404,31.107381893000003
3.155319149,0.1978723404,31.107381893000003
3.303191489,0.1978723404,28.948922173
3.45106383,0.1978723404,28.948922173
3.59893617,0.1978723404,26.654422343
3.746808511,0.1978723404,26.654422343
3.894680851,0.1978723404,24.194383693
4.042553191,0.1978723404,24.194383693
4.190425532,0.1978723404,24.194383693
4.338297872,0.1978723404,21.526806623
4.486170213,0.1978723404,21.526806623
4.634042553,0.1978723404,21.526806623
4.781914894,0.1978723404,19.065543093000002
4.929787234,0.1978723404,17.744680853
5.077659574,0.1978723404,17.744680853
5.225531915,0.1978723404,16.318670583
5.373404255,0.1978723404,14.818934263000001
5.521276596,0.1978723404,14.818934263000001
5.669148936,0.1978723404,13.210998063
5.817021277,0.1978723404,13.210998063
5.964893617,0.1978723404,13.210998063
6.112765957,0.1978723404,11.467410122999999
6.260638298,0.1978723404,11.467410122999999
6.408510638,0.1978723404,9.788335023
6.556382979,0.1978723404,9.546684263000001
6.704255319,0.1978723404,16.196869909999997
6.85212766,0.1978723404,15.606704729999997
7.0,0.1978723404,15.022892329999998
0.05,0.3457446809,71.30400338
0.1978723404,0.3457446809,69.37388521
0.3457446809,0.3457446809,65.37195724
0.4936170213,0.3457446809,61.155622519999994
0.6414893617,0.3457446809,58.95542096
0.7893617021,0.3457446809,56.68621709999999
0.9372340426,0.3457446809,54.34108103
1.085106383,0.3457446809,51.91183898
1.232978723,0.3457446809,49.3887363
1.380851064,0.3457446809,46.759973249999994
1.528723404,0.3457446809,46.759973249999994
1.676595745,0.3457446809,44.011049119999996
1.824468085,0.3457446809,41.123808399999994
1.972340426,0.3457446809,35.48936171
2.120212766,0.3457446809,35.48936171
2.268085106,0.3457446809,32.29303071
2.415957447,0.3457446809,31.043804189999996
2.563829787,0.3457446809,29.415904559999994
2.711702128,0.3457446809,27.23656631
2.859574468,0.3457446809,27.23656631
3.007446809,0.3457446809,25.19248828
3.155319149,0.3457446809,25.19248828
3.303191489,0.3457446809,23.034028559999996
3.45106383,0.3457446809,23.034028559999996
3.59893617,0.3457446809,20.739528729999996
3.746808511,0.3457446809,20.739528729999996
3.894680851,0.3457446809,18.279490080000002
4.042553191,0.3457446809,18.279490080000002
4.190425532,0.3457446809,18.279490080000002
4.338297872,0.3457446809,15.61191301
4.486170213,0.3457446809,15.61191301
4.634042553,0.3457446809,15.61191301
4.781914894,0.3457446809,13.15064948
4.929787234,0.3457446809,11.82978724
5.077659574,0.3457446809,11.82978724
5.225531915,0.3457446809,10.403776970000001
5.373404255,0.3457446809,8.90404065
5.521276596,0.3457446809,8.90404065
5.669148936,0.3457446809,8.440778559999998
5.817021277,0.3457446809,7.642316520000001
5.964893617,0.3457446809,9.63537702
6.112765957,0.3457446809,8.891159530000003
6.260638298,0.3457446809,8.155919560000001
6.408510638,0.3457446809,7.429339849999998
6.556382979,0.3457446809,16.79359986
6.704255319,0.3457446809,16.196869909999997
6.85212766,0.3457446809,15.606704729999997
7.0,0.3457446809,15.022892329999998
0.05,0.4936170213,65.38910976
0.1978723404,0.4936170213,63.45899159
0.3457446809,0.4936170213,59.45706362
0.4936170213,0.4936170213,55.24072889999999
0.6414893617,0.4936170213,53.04052734
0.7893617021,0.4936170213,50.77132347999999
0.9372340426,0.4936170213,48.42618741
1.085106383,0.4936170213,45.99694536
1.232978723,0.4936170213,43.473842680000004
1.380851064,0.4936170213,40.84507963
1.528723404,0.4936170213,40.84507963
1.676595745,0.4936170213,38.096155499999995
1.824468085,0.4936170213,35.20891478
1.972340426,0.4936170213,29.57446809
2.120212766,0.4936170213,29.57446809
2.268085106,0.4936170213,26.37813709
2.415957447,0.4936170213,25.12891057
2.563829787,0.4936170213,23.501010939999997
2.711702128,0.4936170213,21.321672690000003
2.859574468,0.4936170213,21.321672690000003
3.007446809,0.4936170213,19.277594660000002
3.155319149,0.4936170213,19.277594660000002
3.303191489,0.4936170213,17.11913494
3.45106383,0.4936170213,17.11913494
3.59893617,0.4936170213,14.82463511
3.746808511,0.4936170213,14.82463511
3.894680851,0.4936170213,12.364596460000001
4.042553191,0.4936170213,12.364596460000001
4.190425532,0.4936170213,12.364596460000001
4.338297872,0.4936170213,9.697019390000001
4.486170213,0.4936170213,9.697019390000001
4.634042553,0.4936170213,9.697019390000001
4.781914894,0.4936170213,7.235755860000001
4.929787234,0.4936170213,5.914893620000001
5.077659574,0.4936170213,5.914893620000001
5.225531915,0.4936170213,4.488883350000002
5.373404255,0.4936170213,2.9891470300000016
5.521276596,0.4936170213,10.980285000000002
5.669148936,0.4936170213,10.207023759999998
5.817021277,0.4936170213,9.443818290000003
5.964893617,0.4936170213,8.690286190000002
6.112765957,0.4936170213,17.68039461
6.260638298,0.4936170213,17.062572620000005
6.408510638,0.4936170213,16.45202784
6.556382979,0.4936170213,15.848509030000002
6.704255319,0.4936170213,15.251779079999999
6.85212766,0.4936170213,14.661613899999999
7.0,0.4936170213,14.0778015
0.05,0.6414893617,62.969629940000004
0.1978723404,0.6414893617,57.544097969999996
0.3457446809,0.6414893617,53.54217
0.4936170213,0.6414893617,49.32583527999999
0.6414893617,0.6414893617,47.125633719999996
0.7893617021,0.6414893617,44.85642985999999
0.9372340426,0.6414893617,42.511293789999996
1.085106383,0.6414893617,40.08205174
1.232978723,0.6414893617,37.55894906
1.380851064,0.6414893617,34.93018601
1.528723404,0.6414893617,34.93018601
1.676595745,0.6414893617,32.181261879999994
1.824468085,0.6414893617,29.294021159999996
1.972340426,0.6414893617,23.65957447
2.120212766,0.6414893617,23.65957447
2.268085106,0.6414893617,20.46324347
2.415957447,0.6414893617,19.214016949999998
2.563829787,0.6414893617,17.586117319999996
2.711702128,0.6414893617,15.406779070000002
2.859574468,0.6414893617,15.406779070000002
3.007446809,0.6414893617,13.362701040000001
3.155319149,0.6414893617,13.362701040000001
3.303191489,0.6414893617,11.204241319999998
3.45106383,0.6414893617,11.810362580000003
3.59893617,0.6414893617,10.634290060000005
3.746808511,0.6414893617,9.482271800000007
3.894680851,0.6414893617,8.352889620000006
4.042553191,0.6414893617,7.244859430000005
4.190425532,0.6414893617,6.4497028400000005
4.338297872,0.6414893617,5.088289340000003
4.486170213,0.6414893617,4.037710850000003
4.634042553,0.6414893617,3.7821257700000004
4.781914894,0.6414893617,1.9874876599999993
4.929787234,0.6414893617,0.9862603800000045
5.077659574,0.6414893617,0.0
5.225531915,0.6414893617,10.628455010000003
5.373404255,0.6414893617,9.833829080000001
5.521276596,0.6414893617,18.299864730000003
5.669148936,0.6414893617,17.650093480000002
5.817021277,0.6414893617,17.008772090000008
5.964893617,0.6414893617,16.375579230000007
6.112765957,0.6414893617,15.750213440000003
6.260638298,0.6414893617,15.132391450000007
6.408510638,0.6414893617,14.521846670000002
6.556382979,0.6414893617,13.918327860000005
6.704255319,0.6414893617,13.321597910000001
6.85212766,0.6414893617,25.981137530000005
7.0,0.6414893617,25.539943110000003
0.05,0.7893617021,59.96524532
0.1978723404,0.7893617021,51.629204349999995
0.3457446809,0.7893617021,47.62727638
0.4936170213,0.7893617021,43.41094165999999
0.6414893617,0.7893617021,41.210740099999995
0.7893617021,0.7893617021,38.94153623999999
0.9372340426,0.7893617021,36.596400169999995
1.085106383,0.7893617021,34.167158119999996
1.232978723,0.7893617021,31.64405544
1.380851064,0.7893617021,29.015292389999995
1.528723404,0.7893617021,29.015292389999995
1.676595745,0.7893617021,26.266368259999997
1.824468085,0.7893617021,23.379127539999995
1.972340426,0.7893617021,17.744680849999998
2.120212766,0.7893617021,17.744680849999998
2.268085106,0.7893617021,14.548349849999997
2.415957447,0.7893617021,13.299123329999997
2.563829787,0.7893617021,11.671223699999995
2.711702128,0.7893617021,9.491885450000002
2.859574468,0.7893617021,9.491885450000002
3.007446809,0.7893617021,7.44780742
3.155319149,0.7893617021,7.44780742
3.303191489,0.7893617021,10.007677479999998
3.45106383,0.7893617021,8.80597796
3.59893617,0.7893617021,7.629905440000002
3.746808511,0.7893617021,6.477887180000003
3.894680851,0.7893617021,5.348505000000003
4.042553191,0.7893617021,4.240474810000002
4.190425532,0.7893617021,3.1526295500000003
4.338297872,0.7893617021,2.0839047199999996
4.486170213,0.7893617021,1.0333262300000001
4.634042553,0.7893617021,0.0
4.781914894,0.7893617021,10.078207300000003
4.929787234,0.7893617021,17.986297470000004
5.077659574,0.7893617021,17.299045290000002
5.225531915,0.7893617021,16.621768270000004
5.373404255,0.7893617021,15.954044270000004
5.521276596,0.7893617021,15.29548011
5.669148936,0.7893617021,14.64570886
5.817021277,0.7893617021,14.004387470000005
5.964893617,0.7893617021,13.371194610000003
6.112765957,0.7893617021,12.74582882
6.260638298,0.7893617021,12.128006830000004
6.408510638,0.7893617021,24.329791399999998
6.556382979,0.7893617021,23.873704590000003
6.704255319,0.7893617021,23.42274821
6.85212766,0.7893617021,22.976752910000002
7.0,0.7893617021,22.53555849
0.05,0.9372340426,56.81261577
0.1978723404,0.9372340426,45.71431074
0.3457446809,0.9372340426,41.712382770000005
0.4936170213,0.9372340426,37.49604805
0.6414893617,0.9372340426,35.29584649
0.7893617021,0.9372340426,33.02664263
0.9372340426,0.9372340426,30.681506560000003
1.085106383,0.9372340426,28.252264510000003
1.232978723,0.9372340426,25.729161830000002
1.380851064,0.9372340426,23.10039878
1.528723404,0.9372340426,23.10039878
1.676595745,0.9372340426,20.35147465
1.824468085,0.9372340426,17.46423393
1.972340426,0.9372340426,11.829787240000002
2.120212766,0.9372340426,11.829787240000002
2.268085106,0.9372340426,8.633456240000001
2.415957447,0.9372340426,7.38422972
2.563829787,0.9372340426,5.756330089999999
2.711702128,0.9372340426,3.576991840000005
2.859574468,0.9372340426,3.576991840000005
3.007446809,0.9372340426,1.5329138100000037
3.155319149,0.9372340426,8.08412645
3.303191489,0.9372340426,6.855047929999998
3.45106383,0.9372340426,5.6533484099999995
3.59893617,0.9372340426,4.477275890000001
3.746808511,0.9372340426,3.325257630000003
3.894680851,0.9372340426,2.1958754500000026
4.042553191,0.9372340426,1.0878452600000017
4.190425532,0.9372340426,0.0
4.338297872,0.9372340426,9.496946000000001
4.486170213,0.9372340426,8.625744150000003
4.634042553,0.9372340426,16.23994998
4.781914894,0.9372340426,15.531349419999998
4.929787234,0.9372340426,14.833667920000003
5.077659574,0.9372340426,14.146415740000002
5.225531915,0.9372340426,13.469138720000004
5.373404255,0.9372340426,12.801414720000004
5.521276596,0.9372340426,12.14285056
5.669148936,0.9372340426,11.493079309999999
5.817021277,0.9372340426,10.851757920000004
5.964893617,0.9372340426,10.218565060000003
6.112765957,0.9372340426,22.10545417
6.260638298,0.9372340426,21.638558269999997
6.408510638,0.9372340426,21.177161849999997
6.556382979,0.9372340426,20.721075040000002
6.704255319,0.9372340426,20.27011866
6.85212766,0.9372340426,19.82412336
7.0,0.9372340426,34.707405969999996
0.05,1.085106383,53.48735814
0.1978723404,1.085106383,39.79941712
0.3457446809,1.085106383,35.797489150000004
0.4936170213,1.085106383,31.581154429999998
0.6414893617,1.085106383,29.38095287
0.7893617021,1.085106383,27.111749009999997
0.9372340426,1.085106383,24.76661294
1.085106383,1.085106383,22.337370890000003
1.232978723,1.085106383,19.81426821
1.380851064,1.085106383,17.185505159999998
1.528723404,1.085106383,17.185505159999998
1.676595745,1.085106383,14.43658103
1.824468085,1.085106383,11.549340309999998
1.972340426,1.085106383,5.914893620000001
2.120212766,1.085106383,5.914893620000001
2.268085106,1.085106383,4.856989159999998
2.415957447,1.085106383,3.1536827999999986
2.563829787,1.085106383,1.502170839999998
2.711702128,1.085106383,8.631265509999999
2.859574468,1.085106383,7.30725357
3.007446809,1.085106383,6.017287529999997
3.155319149,1.085106383,4.7588688199999964
3.303191489,1.085106383,3.529790299999995
3.45106383,1.085106383,2.3280907799999966
3.59893617,1.085106383,1.1520182599999984
3.746808511,1.085106383,0.0
3.894680851,1.085106383,8.87888813
4.042553191,1.085106383,7.960043919999997
4.190425532,1.085106383,15.111527559999999
4.338297872,1.085106383,14.366811979999994
4.486170213,1.085106383,13.634741249999998
4.634042553,1.085106383,12.914692349999996
4.781914894,1.085106383,12.206091789999995
4.929787234,1.085106383,11.50841029
5.077659574,1.085106383,10.821158109999999
5.225531915,1.085106383,10.14388109
5.373404255,1.085106383,9.476157090000001
5.521276596,1.085106383,8.817592929999996
5.669148936,1.085106383,20.215959939999998
5.817021277,1.085106383,19.73130525
5.964893617,1.085106383,19.25279338
6.112765957,1.085106383,18.78019654
6.260638298,1.085106383,18.313300639999994
6.408510638,1.085106383,17.851904219999994
6.556382979,1.085106383,32.22532596
6.704255319,1.085106383,31.941174379999996
6.85212766,1.085106383,31.660148819999996
7.0,1.085106383,31.382148339999997
0.05,1.232978723,52.78630293
0.1978723404,1.232978723,37.99906889
0.3457446809,1.232978723,31.09579998
0.4936170213,1.232978723,26.52650756
0.6414893617,1.232978723,23.46605925
0.7893617021,1.232978723,22.414041499999996
0.9372340426,1.232978723,19.256834589999997
1.085106383,1.232978723,16.42247727
1.232978723,1.232978723,13.89937459
1.380851064,1.232978723,11.270611539999997
1.528723404,1.232978723,11.270611539999997
1.676595745,1.232978723,8.521687409999998
1.824468085,1.232978723,5.634446689999997
1.972340426,1.232978723,2.035501079999996
2.120212766,1.232978723,0.0
2.268085106,1.232978723,4.155933949999998
2.415957447,1.232978723,10.692179750000001
2.563829787,1.232978723,9.29111503
2.711702128,1.232978723,7.930210299999999
2.859574468,1.232978723,6.6061983600000005
3.007446809,1.232978723,5.3162323199999975
3.155319149,1.232978723,4.057813609999997
3.303191489,1.232978723,2.828735089999995
3.45106383,1.232978723,1.6270355699999968
3.59893617,1.232978723,10.06970518
3.746808511,1.232978723,9.114383459999999
3.894680851,1.232978723,15.940616139999996
4.042553191,1.232978723,15.168511549999998
4.190425532,1.232978723,14.41047235
4.338297872,1.232978723,13.665756769999994
4.486170213,1.232978723,12.933686039999998
4.634042553,1.232978723,12.213637139999996
4.781914894,1.232978723,11.505036579999995
4.929787234,1.232978723,10.80735508
5.077659574,1.232978723,10.1201029
5.225531915,1.232978723,9.442825880000001
5.373404255,1.232978723,20.503630359999995
5.521276596,1.232978723,20.005945089999997
5.669148936,1.232978723,19.514904729999998
5.817021277,1.232978723,19.03025004
5.964893617,1.232978723,18.55173817
6.112765957,1.232978723,32.3965802
6.260638298,1.232978723,32.10238499
6.408510638,1.232978723,31.81165505
6.556382979,1.232978723,31.52427075
6.704255319,1.232978723,31.240119169999996
6.85212766,1.232978723,30.959093609999996
7.0,1.232978723,30.681093129999997
0.05,1.380851064,48.72848932
0.1978723404,1.380851064,33.94125528
0.3457446809,1.380851064,27.037986370000002
0.4936170213,1.380851064,22.468693950000002
0.6414893617,1.380851064,18.06831186
0.7893617021,1.380851064,18.35622789
0.9372340426,1.380851064,15.19902098
1.085106383,1.380851064,12.287445869999999
1.232978723,1.380851064,9.571793990000003
1.380851064,1.380851064,7.017152180000004
1.528723404,1.380851064,5.63616485
1.676595745,1.380851064,2.887240720000001
1.824468085,1.380851064,0.09183587000000415
1.972340426,1.380851064,3.68185682
2.120212766,1.380851064,10.296873429999998
2.268085106,1.380851064,8.079370789999999
2.415957447,1.380851064,6.6343661400000045
2.563829787,1.380851064,5.233301420000004
2.711702128,1.380851064,3.872396690000002
2.859574468,1.380851064,2.548384750000004
3.007446809,1.380851064,1.2584187100000008
3.155319149,1.380851064,0.0
3.303191489,1.380851064,7.98368086
3.45106383,1.380851064,6.987160500000002
3.59893617,1.380851064,13.47254238
3.746808511,1.380851064,12.669785740000002
3.894680851,1.380851064,11.88280253
4.042553191,1.380851064,11.110697940000001
4.190425532,1.380851064,10.352658740000003
4.338297872,1.380851064,9.607943159999998
4.486170213,1.380851064,8.875872430000001
4.634042553,1.380851064,8.15582353
4.781914894,1.380851064,7.4472229699999986
4.929787234,1.380851064,6.749541470000004
5.077659574,1.380851064,17.46225106
5.225531915,1.380851064,16.950424240000004
5.373404255,1.380851064,16.44581675
5.521276596,1.380851064,15.94813148
5.669148936,1.380851064,29.243453730000002
5.817021277,1.380851064,28.93806855
5.964893617,1.380851064,28.636554020000002
6.112765957,1.380851064,28.338766590000002
6.260638298,1.380851064,28.04457138
6.408510638,1.380851064,27.753841440000002
6.556382979,1.380851064,27.466457140000003
6.704255319,1.380851064,27.18230556
6.85212766,1.380851064,26.90128
7.0,1.380851064,26.62327952
0.05,1.528723404,46.43397052
0.1978723404,1.528723404,31.64673648
0.3457446809,1.528723404,25.332979990000002
0.4936170213,1.528723404,20.174175150000003
0.6414893617,1.528723404,19.539669000000004
0.7893617021,1.528723404,16.06170909
0.9372340426,1.528723404,12.904502180000001
1.085106383,1.528723404,9.99292707
1.232978723,1.528723404,7.277275190000005
1.380851064,1.528723404,4.722633380000005
1.528723404,1.528723404,2.748924129999999
1.676595745,1.528723404,0.0
1.824468085,1.528723404,13.887242089999994
1.972340426,1.528723404,8.825124710000004
2.120212766,1.528723404,8.252795399999997
2.268085106,1.528723404,5.78485199
2.415957447,1.528723404,4.339847340000006
2.563829787,1.528723404,2.938782620000005
2.711702128,1.528723404,1.5778778900000034
2.859574468,1.528723404,0.2538659500000051
3.007446809,1.528723404,7.751941970000004
3.155319149,1.528723404,6.7083867000000055
3.303191489,1.528723404,12.834917690000005
3.45106383,1.528723404,11.997541850000005
3.59893617,1.528723404,11.178023580000001
3.746808511,1.528723404,10.375266940000003
3.894680851,1.528723404,9.58828373
4.042553191,1.528723404,8.816179140000003
4.190425532,1.528723404,8.058139940000004
4.338297872,1.528723404,7.313424359999999
4.486170213,1.528723404,6.581353630000002
4.634042553,1.528723404,5.8613047300000005
4.781914894,1.528723404,5.15270417
4.929787234,1.528723404,15.687097430000001
5.077659574,1.528723404,15.167732260000001
5.225531915,1.528723404,14.655905440000005
5.373404255,1.528723404,27.571939640000004
5.521276596,1.528723404,27.258343780000004
5.669148936,1.528723404,26.948934930000004
5.817021277,1.528723404,26.643549750000002
5.964893617,1.528723404,26.342035220000003
6.112765957,1.528723404,26.044247790000004
6.260638298,1.528723404,25.750052580000002
6.408510638,1.528723404,25.459322640000003
6.556382979,1.528723404,25.171938340000004
6.704255319,1.528723404,24.88778676
6.85212766,1.528723404,24.6067612
7.0,1.528723404,24.328760720000002
0.05,1.676595745,44.13060268
0.1978723404,1.676595745,29.564114180000004
0.3457446809,1.676595745,23.029612150000002
0.4936170213,1.676595745,17.870807310000004
0.6414893617,1.676595745,17.236301160000004
0.7893617021,1.676595745,13.75834125
0.9372340426,1.676595745,10.601134340000002
1.085106383,1.676595745,7.68955923
1.232978723,1.676595745,4.973907350000005
1.380851064,1.676595745,2.419265540000005
1.528723404,1.676595745,0.0
1.676595745,1.676595745,14.82832869
1.824468085,1.676595745,11.941087969999998
1.972340426,1.676595745,6.521756870000004
2.120212766,1.676595745,6.306641280000001
2.268085106,1.676595745,3.48148415
2.415957447,1.676595745,2.0364795000000058
2.563829787,1.676595745,0.635414780000005
2.711702128,1.676595745,7.616239370000002
2.859574468,1.676595745,6.578281170000004
3.007446809,1.676595745,12.264903360000005
3.155319149,1.676595745,11.388004100000003
3.303191489,1.676595745,10.531549850000005
3.45106383,1.676595745,9.694174010000005
3.59893617,1.676595745,8.874655740000001
3.746808511,1.676595745,8.071899100000003
3.894680851,1.676595745,7.284915890000001
4.042553191,1.676595745,6.512811300000003
4.190425532,1.676595745,5.754772100000004
4.338297872,1.676595745,5.010056519999999
4.486170213,1.676595745,4.2779857900000025
4.634042553,1.676595745,14.44647475
4.781914894,1.676595745,13.910976340000005
4.929787234,1.676595745,13.383729590000002
5.077659574,1.676595745,25.909035990000003
5.225531915,1.676595745,25.586529410000004
5.373404255,1.676595745,25.268571800000004
5.521276596,1.676595745,24.954975940000004
5.669148936,1.676595745,24.645567090000004
5.817021277,1.676595745,24.340181910000002
5.964893617,1.676595745,24.038667380000003
6.112765957,1.676595745,23.740879950000004
6.260638298,1.676595745,23.446684740000002
6.408510638,1.676595745,23.155954800000004
6.556382979,1.676595745,22.868570500000004
6.704255319,1.676595745,22.58441892
6.85212766,1.676595745,22.30339336
7.0,1.676595745,22.025392880000002
0.05,1.824468085,42.09412318
0.1978723404,1.824468085,27.52763468
0.3457446809,1.824468085,20.993132649999996
0.4936170213,1.824468085,19.122096179999996
0.6414893617,1.824468085,15.199821659999998
0.7893617021,1.824468085,11.721861749999995
0.9372340426,1.824468085,8.564654839999996
1.085106383,1.824468085,5.653079729999995
1.232978723,1.824468085,2.937427849999999
1.380851064,1.824468085,15.716169059999999
1.528723404,1.824468085,15.716169059999999
1.676595745,1.824468085,12.96724493
1.824468085,1.824468085,10.080004209999998
1.972340426,1.824468085,4.485277369999999
2.120212766,1.824468085,4.445557520000001
2.268085106,1.824468085,1.4450046499999942
2.415957447,1.824468085,0.0
2.563829787,1.824468085,7.268836869999994
2.711702128,1.824468085,5.579759869999997
2.859574468,1.824468085,11.597421140000002
3.007446809,1.824468085,10.22842386
3.155319149,1.824468085,9.55334311
3.303191489,1.824468085,8.495070349999999
3.45106383,1.824468085,7.657694509999999
3.59893617,1.824468085,6.838176239999996
3.746808511,1.824468085,6.035419599999997
3.894680851,1.824468085,5.248436389999995
4.042553191,1.824468085,4.476331799999997
4.190425532,1.824468085,3.718292599999998
4.338297872,1.824468085,13.50738045
4.486170213,1.824468085,12.954145329999996
4.634042553,1.824468085,12.409995249999994
4.781914894,1.824468085,24.532035859999997
4.929787234,1.824468085,24.199813049999996
5.077659574,1.824468085,23.872556489999997
5.225531915,1.824468085,23.55004991
5.373404255,1.824468085,23.232092299999998
5.521276596,1.824468085,22.91849644
5.669148936,1.824468085,22.609087589999998
5.817021277,1.824468085,22.303702409999996
5.964893617,1.824468085,22.002187879999997
6.112765957,1.824468085,21.704400449999998
6.260638298,1.824468085,21.410205239999996
6.408510638,1.824468085,21.119475299999998
6.556382979,1.824468085,20.832091
6.704255319,1.824468085,20.547939419999995
6.85212766,1.824468085,33.55118459
7.0,1.824468085,33.416174139999995
0.05,1.972340426,39.15576107
0.1978723404,1.972340426,24.58927257
0.3457446809,1.972340426,18.054770539999996
0.4936170213,1.972340426,16.183734069999996
0.6414893617,1.972340426,12.261459549999998
0.7893617021,1.972340426,8.783499639999995
0.9372340426,1.972340426,5.626292729999996
1.085106383,1.972340426,2.7147176199999947
1.232978723,1.972340426,16.55865266
1.380851064,1.972340426,13.929889609999996
1.528723404,1.972340426,13.929889609999996
1.676595745,1.972340426,11.180965479999998
1.824468085,1.972340426,8.293724759999996
1.972340426,1.972340426,2.659278069999999
2.120212766,1.972340426,2.659278069999999
2.268085106,1.972340426,8.717020519999998
2.415957447,1.972340426,7.467793999999998
2.563829787,1.972340426,12.609207259999998
2.711702128,1.972340426,10.429869010000004
2.859574468,1.972340426,10.429869010000004
3.007446809,1.972340426,8.385790980000003
3.155319149,1.972340426,8.385790980000003
3.303191489,1.972340426,6.22733126
3.45106383,1.972340426,6.22733126
3.59893617,1.972340426,3.9328314300000002
3.746808511,1.972340426,3.9328314300000002
3.894680851,1.972340426,2.310074279999995
4.042553191,1.972340426,1.537969689999997
4.190425532,1.972340426,11.131809329999996
4.338297872,1.972340426,10.56901834
4.486170213,1.972340426,22.273969749999996
4.634042553,1.972340426,21.931096009999997
4.781914894,1.972340426,21.593673749999997
4.929787234,1.972340426,21.261450939999996
5.077659574,1.972340426,20.934194379999997
5.225531915,1.972340426,20.6116878
5.373404255,1.972340426,20.293730189999998
5.521276596,1.972340426,19.98013433
5.669148936,1.972340426,19.670725479999998
5.817021277,1.972340426,19.365340299999996
5.964893617,1.972340426,19.063825769999998
6.112765957,1.972340426,18.766038339999998
6.260638298,1.972340426,18.471843129999996
6.408510638,1.972340426,18.181113189999998
6.556382979,1.972340426,17.89372889
6.704255319,1.972340426,30.749302039999996
6.85212766,1.972340426,30.61282248
7.0,1.972340426,30.477812029999996
0.05,2.120212766,37.60884581
0.1978723404,2.120212766,23.04235731
0.3457446809,2.120212766,19.235112419999997
0.4936170213,2.120212766,14.636818809999998
0.6414893617,2.120212766,10.71454429
0.7893617021,2.120212766,7.2365843799999965
0.9372340426,2.120212766,4.079377469999997
1.085106383,2.120212766,17.361926340000004
1.232978723,2.120212766,14.838823660000003
1.380851064,2.120212766,12.21006061
1.528723404,2.120212766,12.21006061
1.676595745,2.120212766,9.46113648
1.824468085,2.120212766,6.573895759999999
1.972340426,2.120212766,0.939449070000002
2.120212766,2.120212766,10.53756637
2.268085106,2.120212766,7.34123537
2.415957447,2.120212766,13.112988249999997
2.563829787,2.120212766,11.485088619999996
2.711702128,2.120212766,9.305750370000002
2.859574468,2.120212766,9.305750370000002
3.007446809,2.120212766,7.2616723400000005
3.155319149,2.120212766,7.2616723400000005
3.303191489,2.120212766,5.103212619999997
3.45106383,2.120212766,5.103212619999997
3.59893617,2.120212766,2.8087127899999977
3.746808511,2.120212766,2.8087127899999977
3.894680851,2.120212766,0.7631590199999962
4.042553191,2.120212766,10.157753889999999
4.190425532,2.120212766,21.43027235
4.338297872,2.120212766,21.075652799999997
4.486170213,2.120212766,20.727054489999997
4.634042553,2.120212766,20.38418075
4.781914894,2.120212766,20.04675849
4.929787234,2.120212766,19.714535679999997
5.077659574,2.120212766,19.38727912
5.225531915,2.120212766,19.06477254
5.373404255,2.120212766,18.74681493
5.521276596,2.120212766,18.43321907
5.669148936,2.120212766,18.12381022
5.817021277,2.120212766,17.818425039999997
5.964893617,2.120212766,17.51691051
6.112765957,2.120212766,17.21912308
6.260638298,2.120212766,16.924927869999998
6.408510638,2.120212766,16.63419793
6.556382979,2.120212766,29.340384489999998
6.704255319,2.120212766,29.202386779999998
6.85212766,2.120212766,29.06590722
7.0,2.120212766,28.930896769999997
0.05,2.268085106,36.00216113
0.1978723404,2.268085106,21.43567263
0.3457446809,2.268085106,17.628427739999996
0.4936170213,2.268085106,13.030134129999997
0.6414893617,2.268085106,9.107859609999998
0.7893617021,2.268085106,5.629899699999996
0.9372340426,2.268085106,18.130883850000004
1.085106383,2.268085106,15.701641800000004
1.232978723,2.268085106,13.178539120000003
1.380851064,2.268085106,10.54977607
1.528723404,2.268085106,10.54977607
1.676595745,2.268085106,7.800851940000001
1.824468085,2.268085106,4.91361122
1.972340426,2.268085106,9.209414080000002
2.120212766,2.268085106,9.209414080000002
2.268085106,2.268085106,13.277015720000001
2.415957447,2.268085106,12.0277892
2.563829787,2.268085106,10.39988957
2.711702128,2.268085106,8.220551320000006
2.859574468,2.268085106,8.220551320000006
3.007446809,2.268085106,6.176473290000004
3.155319149,2.268085106,6.176473290000004
3.303191489,2.268085106,4.018013570000001
3.45106383,2.268085106,4.018013570000001
3.59893617,2.268085106,1.7235137400000013
3.746808511,2.268085106,9.729291599999996
3.894680851,2.268085106,20.552213359999996
4.042553191,2.268085106,20.18455168
4.190425532,2.268085106,19.82358767
4.338297872,2.268085106,19.468968119999996
4.486170213,2.268085106,19.120369809999996
4.634042553,2.268085106,18.777496069999998
4.781914894,2.268085106,18.440073809999998
4.929787234,2.268085106,18.107850999999997
5.077659574,2.268085106,17.780594439999998
5.225531915,2.268085106,17.45808786
5.373404255,2.268085106,17.14013025
5.521276596,2.268085106,16.82653439
5.669148936,2.268085106,16.51712554
5.817021277,2.268085106,16.211740359999997
5.964893617,2.268085106,15.910225829999998
6.112765957,2.268085106,15.612438399999998
6.260638298,2.268085106,28.014459979999998
6.408510638,2.268085106,27.873267489999996
6.556382979,2.268085106,27.733699809999997
6.704255319,2.268085106,27.595702099999997
6.85212766,2.268085106,27.45922254
7.0,2.268085106,27.324212089999996
0.05,2.415957447,34.43642867
0.1978723404,2.415957447,21.88721468
0.3457446809,2.415957447,16.062695279999996
0.4936170213,2.415957447,11.464401669999997
0.6414893617,2.415957447,7.542127149999999
0.7893617021,2.415957447,10.743464929999995
0.9372340426,2.415957447,16.52435699
1.085106383,2.415957447,14.095114940000002
1.232978723,2.415957447,11.572012260000001
1.380851064,2.415957447,8.943249209999998
1.528723404,2.415957447,8.943249209999998
1.676595745,2.415957447,16.445952909999995
1.824468085,2.415957447,13.558712189999994
1.972340426,2.415957447,15.423284899999999
2.120212766,2.415957447,15.423284899999999
2.268085106,2.415957447,12.226953899999998
2.415957447,2.415957447,10.977727379999997
2.563829787,2.415957447,9.349827749999996
2.711702128,2.415957447,7.170489500000002
2.859574468,2.415957447,7.170489500000002
3.007446809,2.415957447,5.126411470000001
3.155319149,2.415957447,5.126411470000001
3.303191489,2.415957447,2.9679517499999974
3.45106383,2.415957447,2.9679517499999974
3.59893617,2.415957447,8.7702125
3.746808511,2.415957447,19.36122751
3.894680851,2.415957447,18.986480899999997
4.042553191,2.415957447,18.61881922
4.190425532,2.415957447,18.25785521
4.338297872,2.415957447,17.903235659999996
4.486170213,2.415957447,17.554637349999997
4.634042553,2.415957447,17.21176361
4.781914894,2.415957447,16.874341349999998
4.929787234,2.415957447,16.542118539999997
5.077659574,2.415957447,16.21486198
5.225531915,2.415957447,15.8923554
5.373404255,2.415957447,15.574397789999999
5.521276596,2.415957447,15.26080193
5.669148936,2.415957447,14.951393079999999
5.817021277,2.415957447,14.646007899999997
5.964893617,2.415957447,14.344493369999999
6.112765957,2.415957447,26.591602899999998
6.260638298,2.415957447,26.44872752
6.408510638,2.415957447,26.307535029999997
6.556382979,2.415957447,26.167967349999998
6.704255319,2.415957447,26.029969639999997
6.85212766,2.415957447,25.89349008
7.0,2.415957447,25.758479629999997
0.05,2.563829787,33.59905283
0.1978723404,2.563829787,21.04983884
0.3457446809,2.563829787,15.225319439999996
0.4936170213,2.563829787,10.627025829999997
0.6414893617,2.563829787,11.207996860000002
0.7893617021,2.563829787,17.311817719999993
0.9372340426,2.563829787,14.966681649999998
1.085106383,2.563829787,12.537439599999999
1.232978723,2.563829787,10.014336919999998
1.380851064,2.563829787,7.385573869999995
1.528723404,2.563829787,17.948807449999997
1.676595745,2.563829787,15.199883319999998
1.824468085,2.563829787,20.039600199999995
1.972340426,2.563829787,14.405153509999998
2.120212766,2.563829787,14.405153509999998
2.268085106,2.563829787,11.208822509999997
2.415957447,2.563829787,9.959595989999997
2.563829787,2.563829787,8.331696359999995
2.711702128,2.563829787,6.1523581100000015
2.859574468,2.563829787,6.1523581100000015
3.007446809,2.563829787,4.10828008
3.155319149,2.563829787,4.10828008
3.303191489,2.563829787,1.9498203599999968
3.45106383,2.563829787,21.1970863
3.59893617,2.563829787,18.90610928
3.746808511,2.563829787,18.90258647
3.894680851,2.563829787,18.149105059999997
4.042553191,2.563829787,17.78144338
4.190425532,2.563829787,17.42047937
4.338297872,2.563829787,17.065859819999996
4.486170213,2.563829787,16.717261509999997
4.634042553,2.563829787,16.37438777
4.781914894,2.563829787,16.036965509999998
4.929787234,2.563829787,15.704742699999997
5.077659574,2.563829787,15.377486139999998
5.225531915,2.563829787,15.05497956
5.373404255,2.563829787,14.737021949999999
5.521276596,2.563829787,14.42342609
5.669148936,2.563829787,14.114017239999999
5.817021277,2.563829787,13.808632059999997
5.964893617,2.563829787,25.898846999999996
6.112765957,2.563829787,25.754227059999998
6.260638298,2.563829787,25.61135168
6.408510638,2.563829787,25.470159189999997
6.556382979,2.563829787,25.330591509999998
6.704255319,2.563829787,25.192593799999997
6.85212766,2.563829787,25.05611424
7.0,2.563829787,24.921103789999997
0.05,2.711702128,32.74259858
0.1978723404,2.711702128,20.19338459
0.3457446809,2.711702128,14.368865189999998
0.4936170213,2.711702128,13.43466738
0.6414893617,2.711702128,18.06799531
0.7893617021,2.711702128,15.798791449999996
0.9372340426,2.711702128,13.45365538
1.085106383,2.711702128,11.024413330000002
1.232978723,2.711702128,8.50131065
1.380851064,2.711702128,16.738455089999995
1.528723404,2.711702128,16.738455089999995
1.676595745,2.711702128,21.937893169999995
1.824468085,2.711702128,19.050652449999994
1.972340426,2.711702128,13.416205759999997
2.120212766,2.711702128,13.416205759999997
2.268085106,2.711702128,10.219874759999996
2.415957447,2.711702128,8.970648239999996
2.563829787,2.711702128,7.342748609999994
2.711702128,2.711702128,5.16341036
2.859574468,2.711702128,5.16341036
3.007446809,2.711702128,3.119332329999999
3.155319149,2.711702128,3.119332329999999
3.303191489,2.711702128,20.75964063
3.45106383,2.711702128,20.75964063
3.59893617,2.711702128,18.4651408
3.746808511,2.711702128,18.4651408
3.894680851,2.711702128,17.292650809999998
4.042553191,2.711702128,16.92498913
4.190425532,2.711702128,16.56402512
4.338297872,2.711702128,16.209405569999998
4.486170213,2.711702128,15.860807259999998
4.634042553,2.711702128,15.51793352
4.781914894,2.711702128,15.18051126
4.929787234,2.711702128,14.848288449999998
5.077659574,2.711702128,14.52103189
5.225531915,2.711702128,14.19852531
5.373404255,2.711702128,13.8805677
5.521276596,2.711702128,13.56697184
5.669148936,2.711702128,13.25756299
5.817021277,2.711702128,25.18882275
5.964893617,2.711702128,25.042392749999998
6.112765957,2.711702128,24.89777281
6.260638298,2.711702128,24.75489743
6.408510638,2.711702128,24.613704939999998
6.556382979,2.711702128,24.47413726
6.704255319,2.711702128,24.33613955
6.85212766,2.711702128,24.19965999
7.0,2.711702128,24.064649539999998
0.05,2.859574468,31.865699319999997
0.1978723404,2.859574468,19.31648533
0.3457446809,2.859574468,13.491965929999996
0.4936170213,2.859574468,12.557768119999999
0.6414893617,2.859574468,16.59598568
0.7893617021,2.859574468,14.326781819999994
0.9372340426,2.859574468,11.981645749999998
1.085106383,2.859574468,9.5524037
1.232978723,2.859574468,7.029301019999998
1.380851064,2.859574468,15.560914189999998
1.528723404,2.859574468,23.724678939999997
1.676595745,2.859574468,20.975754809999998
1.824468085,2.859574468,18.088514089999997
1.972340426,2.859574468,12.4540674
2.120212766,2.859574468,12.4540674
2.268085106,2.859574468,9.257736399999999
2.415957447,2.859574468,8.008509879999998
2.563829787,2.859574468,6.380610249999997
2.711702128,2.859574468,4.201272000000003
2.859574468,2.859574468,4.201272000000003
3.007446809,2.859574468,2.1571939700000016
3.155319149,2.859574468,22.4925134
3.303191489,2.859574468,20.334053679999997
3.45106383,2.859574468,20.334053679999997
3.59893617,2.859574468,18.039553849999997
3.746808511,2.859574468,18.039553849999997
3.894680851,2.859574468,16.415751549999996
4.042553191,2.859574468,16.04808987
4.190425532,2.859574468,15.687125859999998
4.338297872,2.859574468,15.332506309999996
4.486170213,2.859574468,14.983907999999996
4.634042553,2.859574468,14.641034259999998
4.781914894,2.859574468,14.303611999999998
4.929787234,2.859574468,13.971389189999996
5.077659574,2.859574468,13.644132629999998
5.225531915,2.859574468,13.321626049999999
5.373404255,2.859574468,13.003668439999998
5.521276596,2.859574468,12.690072579999999
5.669148936,2.859574468,24.460233259999995
5.817021277,2.859574468,24.311923489999998
5.964893617,2.859574468,24.165493489999996
6.112765957,2.859574468,24.020873549999997
6.260638298,2.859574468,23.877998169999998
6.408510638,2.859574468,23.736805679999996
6.556382979,2.859574468,23.597237999999997
6.704255319,2.859574468,23.459240289999997
6.85212766,2.859574468,23.32276073
7.0,2.859574468,23.187750279999996
0.05,3.007446809,30.04421069
0.1978723404,3.007446809,17.4949967
0.3457446809,3.007446809,14.709904129999998
0.4936170213,3.007446809,17.36202916
0.6414893617,3.007446809,15.161827600000002
0.7893617021,3.007446809,12.892623739999998
0.9372340426,3.007446809,10.547487670000002
1.085106383,3.007446809,8.118245620000003
1.232978723,3.007446809,17.04241586
1.380851064,3.007446809,14.413652809999995
1.528723404,3.007446809,22.787281189999995
1.676595745,3.007446809,20.038357059999996
1.824468085,3.007446809,17.151116339999994
1.972340426,3.007446809,11.516669649999997
2.120212766,3.007446809,11.516669649999997
2.268085106,3.007446809,8.320338649999997
2.415957447,3.007446809,7.071112129999996
2.563829787,3.007446809,5.443212499999994
2.711702128,3.007446809,3.2638742500000006
2.859574468,3.007446809,15.697199560000001
3.007446809,3.007446809,22.077870070000003
3.155319149,3.007446809,22.077870070000003
3.303191489,3.007446809,19.91941035
3.45106383,3.007446809,19.91941035
3.59893617,3.007446809,17.62491052
3.746808511,3.007446809,17.62491052
3.894680851,3.007446809,15.164871870000002
4.042553191,3.007446809,15.164871870000002
4.190425532,3.007446809,15.164871870000002
4.338297872,3.007446809,13.511017679999998
4.486170213,3.007446809,13.162419369999999
4.634042553,3.007446809,12.81954563
4.781914894,3.007446809,12.48212337
4.929787234,3.007446809,12.149900559999999
5.077659574,3.007446809,11.822644
5.225531915,3.007446809,11.500137420000001
5.373404255,3.007446809,22.94130577
5.521276596,3.007446809,22.78900849
5.669148936,3.007446809,22.638744629999998
5.817021277,3.007446809,22.49043486
5.964893617,3.007446809,22.34400486
6.112765957,3.007446809,22.19938492
6.260638298,3.007446809,22.05650954
6.408510638,3.007446809,21.91531705
6.556382979,3.007446809,21.77574937
6.704255319,3.007446809,21.63775166
6.85212766,3.007446809,21.5012721
7.0,3.007446809,34.04421069
0.05,3.155319149,29.09589647
0.1978723404,3.155319149,16.54668248
0.3457446809,3.155319149,13.761589909999998
0.4936170213,3.155319149,15.96294476
0.6414893617,3.155319149,13.762743200000003
0.7893617021,3.155319149,11.493539339999998
0.9372340426,3.155319149,9.148403270000003
1.085106383,3.155319149,18.44631451
1.232978723,3.155319149,15.92321183
1.380851064,3.155319149,21.872808389999996
1.528723404,3.155319149,21.872808389999996
1.676595745,3.155319149,19.123884259999997
1.824468085,3.155319149,16.236643539999996
1.972340426,3.155319149,10.602196849999999
2.120212766,3.155319149,10.602196849999999
2.268085106,3.155319149,7.405865849999998
2.415957447,3.155319149,6.156639329999997
2.563829787,3.155319149,4.528739699999996
2.711702128,3.155319149,15.086715640000001
2.859574468,3.155319149,23.717445270000002
3.007446809,3.155319149,21.67336724
3.155319149,3.155319149,21.67336724
3.303191489,3.155319149,19.514907519999998
3.45106383,3.155319149,19.514907519999998
3.59893617,3.155319149,17.22040769
3.746808511,3.155319149,17.22040769
3.894680851,3.155319149,14.76036904
4.042553191,3.155319149,14.76036904
4.190425532,3.155319149,14.76036904
4.338297872,3.155319149,12.562703459999998
4.486170213,3.155319149,12.214105149999998
4.634042553,3.155319149,12.09279197
4.781914894,3.155319149,11.53380915
4.929787234,3.155319149,11.201586339999999
5.077659574,3.155319149,10.87432978
5.225531915,3.155319149,22.1474071
5.373404255,3.155319149,21.99299155
5.521276596,3.155319149,21.84069427
5.669148936,3.155319149,21.690430409999998
5.817021277,3.155319149,21.54212064
5.964893617,3.155319149,21.395690639999998
6.112765957,3.155319149,21.2510707
6.260638298,3.155319149,21.10819532
6.408510638,3.155319149,20.96700283
6.556382979,3.155319149,20.82743515
6.704255319,3.155319149,33.09589647
6.85212766,3.155319149,33.09589647
7.0,3.155319149,33.09589647
0.05,3.303191489,28.11959771
0.1978723404,3.303191489,17.818561260000003
0.3457446809,3.303191489,18.81281491
0.4936170213,3.303191489,14.596480189999994
0.6414893617,3.303191489,12.396278629999998
0.7893617021,3.303191489,10.127074769999993
0.9372340426,3.303191489,19.782446919999998
1.085106383,3.303191489,17.35320487
1.232978723,3.303191489,23.608419689999998
1.380851064,3.303191489,20.979656639999995
1.528723404,3.303191489,20.979656639999995
1.676595745,3.303191489,18.230732509999996
1.824468085,3.303191489,15.343491789999995
1.972340426,3.303191489,9.709045099999997
2.120212766,3.303191489,9.709045099999997
2.268085106,3.303191489,6.512714099999997
2.415957447,3.303191489,5.263487579999996
2.563829787,3.303191489,16.669803479999995
2.711702128,3.303191489,23.322373470000002
2.859574468,3.303191489,23.322373470000002
3.007446809,3.303191489,21.27829544
3.155319149,3.303191489,21.27829544
3.303191489,3.303191489,19.119835719999998
3.45106383,3.303191489,19.119835719999998
3.59893617,3.303191489,16.825335889999998
3.746808511,3.303191489,16.825335889999998
3.894680851,3.303191489,14.36529724
4.042553191,3.303191489,14.36529724
4.190425532,3.303191489,14.36529724
4.338297872,3.303191489,11.69772017
4.486170213,3.303191489,11.69772017
4.634042553,3.303191489,11.69772017
4.781914894,3.303191489,10.557510390000001
4.929787234,3.303191489,10.22528758
5.077659574,3.303191489,21.327733090000002
5.225531915,3.303191489,21.17110834
5.373404255,3.303191489,21.01669279
5.521276596,3.303191489,20.86439551
5.669148936,3.303191489,20.71413165
5.817021277,3.303191489,20.56582188
5.964893617,3.303191489,20.41939188
6.112765957,3.303191489,20.27477194
6.260638298,3.303191489,20.13189656
6.408510638,3.303191489,32.11959771
6.556382979,3.303191489,32.11959771
6.704255319,3.303191489,32.11959771
6.85212766,3.303191489,32.11959771
7.0,3.303191489,32.11959771
0.05,3.45106383,27.11268046
0.1978723404,3.45106383,16.811644010000002
0.3457446809,3.45106383,17.476789760000003
0.4936170213,3.45106383,13.260455039999997
0.6414893617,3.45106383,11.06025348
0.7893617021,3.45106383,8.791049619999995
0.9372340426,3.45106383,18.71368742
1.085106383,3.45106383,25.258266490000004
1.232978723,3.45106383,22.735163810000003
1.380851064,3.45106383,20.10640076
1.528723404,3.45106383,20.10640076
1.676595745,3.45106383,17.35747663
1.824468085,3.45106383,14.47023591
1.972340426,3.45106383,8.835789220000002
2.120212766,3.45106383,8.835789220000002
2.268085106,3.45106383,5.639458220000002
2.415957447,3.45106383,17.714734789999998
2.563829787,3.45106383,25.115440559999996
2.711702128,3.45106383,22.936102310000003
2.859574468,3.45106383,22.936102310000003
3.007446809,3.45106383,20.89202428
3.155319149,3.45106383,20.89202428
3.303191489,3.45106383,18.733564559999998
3.45106383,3.45106383,18.733564559999998
3.59893617,3.45106383,16.43906473
3.746808511,3.45106383,16.43906473
3.894680851,3.45106383,13.97902608
4.042553191,3.45106383,13.97902608
4.190425532,3.45106383,13.97902608
4.338297872,3.45106383,11.31144901
4.486170213,3.45106383,11.31144901
4.634042553,3.45106383,11.31144901
4.781914894,3.45106383,9.55059314
4.929787234,3.45106383,9.218370329999999
5.077659574,3.45106383,20.32081584
5.225531915,3.45106383,20.16419109
5.373404255,3.45106383,20.00977554
5.521276596,3.45106383,19.85747826
5.669148936,3.45106383,19.707214399999998
5.817021277,3.45106383,19.55890463
5.964893617,3.45106383,19.41247463
6.112765957,3.45106383,19.26785469
6.260638298,3.45106383,31.11268046
6.408510638,3.45106383,31.11268046
6.556382979,3.45106383,31.11268046
6.704255319,3.45106383,31.11268046
6.85212766,3.45106383,31.11268046
7.0,3.45106383,31.11268046
0.05,3.59893617,26.07206969
0.1978723404,3.59893617,15.77103324
0.3457446809,3.59893617,16.169256190000006
0.4936170213,3.59893617,11.95292147
0.6414893617,3.59893617,9.752719910000003
0.7893617021,3.59893617,20.012855969999997
0.9372340426,3.59893617,17.6677199
1.085106383,3.59893617,24.40363335
1.232978723,3.59893617,21.88053067
1.380851064,3.59893617,19.251767619999995
1.528723404,3.59893617,19.251767619999995
1.676595745,3.59893617,16.502843489999997
1.824468085,3.59893617,13.615602769999995
1.972340426,3.59893617,7.981156079999998
2.120212766,3.59893617,7.981156079999998
2.268085106,3.59893617,18.39342517
2.415957447,3.59893617,26.3653065
2.563829787,3.59893617,24.737406869999997
2.711702128,3.59893617,22.558068620000004
2.859574468,3.59893617,22.558068620000004
3.007446809,3.59893617,20.513990590000002
3.155319149,3.59893617,20.513990590000002
3.303191489,3.59893617,18.35553087
3.45106383,3.59893617,18.35553087
3.59893617,3.59893617,16.06103104
3.746808511,3.59893617,16.06103104
3.894680851,3.59893617,13.600992390000002
4.042553191,3.59893617,13.600992390000002
4.190425532,3.59893617,13.600992390000002
4.338297872,3.59893617,10.933415320000002
4.486170213,3.59893617,10.933415320000002
4.634042553,3.59893617,10.933415320000002
4.781914894,3.59893617,8.50998237
4.929787234,3.59893617,19.43913664
5.077659574,3.59893617,19.28020507
5.225531915,3.59893617,19.12358032
5.373404255,3.59893617,18.96916477
5.521276596,3.59893617,18.81686749
5.669148936,3.59893617,18.666603629999997
5.817021277,3.59893617,18.51829386
5.964893617,3.59893617,30.07206969
6.112765957,3.59893617,30.07206969
6.260638298,3.59893617,30.07206969
6.408510638,3.59893617,30.07206969
6.556382979,3.59893617,30.07206969
6.704255319,3.59893617,30.07206969
6.85212766,3.59893617,30.07206969
7.0,3.59893617,30.07206969
0.05,3.746808511,24.99413844
0.1978723404,3.746808511,18.890393619999998
0.3457446809,3.746808511,14.88846565
0.4936170213,3.746808511,10.672130929999994
0.6414893617,3.746808511,21.257485520000003
0.7893617021,3.746808511,18.98828166
0.9372340426,3.746808511,25.995722110000003
1.085106383,3.746808511,23.566480060000004
1.232978723,3.746808511,21.043377380000003
1.380851064,3.746808511,18.41461433
1.528723404,3.746808511,18.41461433
1.676595745,3.746808511,15.6656902
1.824468085,3.746808511,12.778449479999999
1.972340426,3.746808511,7.144002790000002
2.120212766,3.746808511,21.03088922
2.268085106,3.746808511,17.834558219999998
2.415957447,3.746808511,25.99500475
2.563829787,3.746808511,24.367105119999998
2.711702128,3.746808511,22.187766870000004
2.859574468,3.746808511,22.187766870000004
3.007446809,3.746808511,20.143688840000003
3.155319149,3.746808511,20.143688840000003
3.303191489,3.746808511,17.98522912
3.45106383,3.746808511,17.98522912
3.59893617,3.746808511,15.69072929
3.746808511,3.746808511,15.69072929
3.894680851,3.746808511,13.230690640000002
4.042553191,3.746808511,13.230690640000002
4.190425532,3.746808511,13.230690640000002
4.338297872,3.746808511,10.563113570000002
4.486170213,3.746808511,10.563113570000002
4.634042553,3.746808511,10.563113570000002
4.781914894,3.746808511,18.52254881
4.929787234,3.746808511,18.361205390000002
5.077659574,3.746808511,18.202273820000002
5.225531915,3.746808511,18.04564907
5.373404255,3.746808511,17.89123352
5.521276596,3.746808511,17.73893624
5.669148936,3.746808511,17.58867238
5.817021277,3.746808511,28.99413844
5.964893617,3.746808511,28.99413844
6.112765957,3.746808511,28.99413844
6.260638298,3.746808511,28.99413844
6.408510638,3.746808511,28.99413844
6.556382979,3.746808511,28.99413844
6.704255319,3.746808511,28.99413844
6.85212766,3.746808511,28.99413844
7.0,3.746808511,28.99413844
0.05,3.894680851,23.87455828
0.1978723404,3.894680851,17.634769410000004
0.3457446809,3.894680851,13.632841440000007
0.4936170213,3.894680851,9.416506720000001
0.6414893617,3.894680851,20.253043140000003
0.7893617021,3.894680851,27.520154159999997
0.9372340426,3.894680851,25.175018090000002
1.085106383,3.894680851,22.745776040000003
1.232978723,3.894680851,20.22267336
1.380851064,3.894680851,17.59391031
1.528723404,3.894680851,17.59391031
1.676595745,3.894680851,14.84498618
1.824468085,3.894680851,11.957745459999998
1.972340426,3.894680851,20.48300348
2.120212766,3.894680851,20.48300348
2.268085106,3.894680851,26.881205599999998
2.415957447,3.894680851,25.631979079999997
2.563829787,3.894680851,24.004079449999995
2.711702128,3.894680851,21.824741200000002
2.859574468,3.894680851,21.824741200000002
3.007446809,3.894680851,19.78066317
3.155319149,3.894680851,19.78066317
3.303191489,3.894680851,17.622203449999997
3.45106383,3.894680851,17.622203449999997
3.59893617,3.894680851,15.327703619999998
3.746808511,3.894680851,15.327703619999998
3.894680851,3.894680851,12.86766497
4.042553191,3.894680851,12.86766497
4.190425532,3.894680851,12.86766497
4.338297872,3.894680851,10.2000879
4.486170213,3.894680851,10.2000879
4.634042553,3.894680851,18.0173361
4.781914894,3.894680851,17.40296865
4.929787234,3.894680851,17.241625229999997
5.077659574,3.894680851,17.082693659999997
5.225531915,3.894680851,16.926068909999998
5.373404255,3.894680851,16.77165336
5.521276596,3.894680851,27.87455828
5.669148936,3.894680851,27.87455828
5.817021277,3.894680851,27.87455828
5.964893617,3.894680851,27.87455828
6.112765957,3.894680851,27.87455828
6.260638298,3.894680851,27.87455828
6.408510638,3.894680851,27.87455828
6.556382979,3.894680851,27.87455828
6.704255319,3.894680851,27.87455828
6.85212766,3.894680851,27.87455828
7.0,3.894680851,27.87455828
0.05,4.042553191,22.70809329
0.1978723404,4.042553191,16.40288393
0.3457446809,4.042553191,12.400955960000005
0.4936170213,4.042553191,21.46779221
0.6414893617,4.042553191,19.267590650000002
0.7893617021,4.042553191,26.714966299999993
0.9372340426,4.042553191,24.369830229999998
1.085106383,4.042553191,21.94058818
1.232978723,4.042553191,19.417485499999998
1.380851064,4.042553191,16.788722449999995
1.528723404,4.042553191,16.788722449999995
1.676595745,4.042553191,14.039798319999996
1.824468085,4.042553191,25.579922709999998
1.972340426,4.042553191,19.94547602
2.120212766,4.042553191,29.72137427
2.268085106,4.042553191,26.525043269999998
2.415957447,4.042553191,25.275816749999997
2.563829787,4.042553191,23.647917119999995
2.711702128,4.042553191,21.46857887
2.859574468,4.042553191,21.46857887
3.007446809,4.042553191,19.42450084
3.155319149,4.042553191,19.42450084
3.303191489,4.042553191,17.266041119999997
3.45106383,4.042553191,17.266041119999997
3.59893617,4.042553191,14.971541289999998
3.746808511,4.042553191,14.971541289999998
3.894680851,4.042553191,12.51150264
4.042553191,4.042553191,12.51150264
4.190425532,4.042553191,12.51150264
4.338297872,4.042553191,9.84392557
4.486170213,4.042553191,17.80894293
4.634042553,4.042553191,17.80894293
4.781914894,4.042553191,16.23650366
4.929787234,4.042553191,16.075160240000002
5.077659574,4.042553191,15.91622867
5.225531915,4.042553191,15.75960392
5.373404255,4.042553191,26.70809329
5.521276596,4.042553191,26.70809329
5.669148936,4.042553191,26.70809329
5.817021277,4.042553191,26.70809329
5.964893617,4.042553191,26.70809329
6.112765957,4.042553191,26.70809329
6.260638298,4.042553191,26.70809329
6.408510638,4.042553191,26.70809329
6.556382979,4.042553191,26.70809329
6.704255319,4.042553191,26.70809329
6.85212766,4.042553191,26.70809329
7.0,4.042553191,26.70809329
0.05,4.190425532,22.70809329
0.1978723404,4.190425532,15.193439620000007
0.3457446809,4.190425532,11.19151165000001
0.4936170213,4.190425532,20.500291649999994
0.6414893617,4.190425532,28.19365036
0.7893617021,4.190425532,25.924446499999995
0.9372340426,4.190425532,23.57931043
1.085106383,4.190425532,21.15006838
1.232978723,4.190425532,18.6269657
1.380851064,4.190425532,15.998202649999996
1.528723404,4.190425532,15.998202649999996
1.676595745,4.190425532,13.249278519999997
1.824468085,4.190425532,25.052187359999998
1.972340426,4.190425532,19.41774067
2.120212766,4.190425532,29.37170012
2.268085106,4.190425532,26.17536912
2.415957447,4.190425532,24.9261426
2.563829787,4.190425532,23.298242969999997
2.711702128,4.190425532,21.118904720000003
2.859574468,4.190425532,21.118904720000003
3.007446809,4.190425532,19.074826690000002
3.155319149,4.190425532,19.074826690000002
3.303191489,4.190425532,16.91636697
3.45106383,4.190425532,16.91636697
3.59893617,4.190425532,14.621867139999999
3.746808511,4.190425532,14.621867139999999
3.894680851,4.190425532,12.161828490000001
4.042553191,4.190425532,12.161828490000001
4.190425532,4.190425532,12.161828490000001
4.338297872,4.190425532,17.60434605
4.486170213,4.190425532,17.60434605
4.634042553,4.190425532,17.60434605
4.781914894,4.190425532,16.23650366
4.929787234,4.190425532,16.075160240000002
5.077659574,4.190425532,15.91622867
5.225531915,4.190425532,26.70809329
5.373404255,4.190425532,26.70809329
5.521276596,4.190425532,26.70809329
5.669148936,4.190425532,26.70809329
5.817021277,4.190425532,26.70809329
5.964893617,4.190425532,26.70809329
6.112765957,4.190425532,26.70809329
6.260638298,4.190425532,26.70809329
6.408510638,4.190425532,26.70809329
6.556382979,4.190425532,26.70809329
6.704255319,4.190425532,26.70809329
6.85212766,4.190425532,26.70809329
7.0,4.190425532,26.70809329
0.05,4.338297872,21.48830903
0.1978723404,4.338297872,14.005253030000006
0.3457446809,4.338297872,10.003325060000009
0.4936170213,4.338297872,19.549796299999997
0.6414893617,4.338297872,27.41702507
0.7893617021,4.338297872,25.147821209999996
0.9372340426,4.338297872,22.80268514
1.085106383,4.338297872,20.373443090000002
1.232978723,4.338297872,17.85034041
1.380851064,4.338297872,15.221577359999998
1.528723404,4.338297872,15.221577359999998
1.676595745,4.338297872,27.420968419999998
1.824468085,4.338297872,24.533727699999996
1.972340426,4.338297872,29.02817199
2.120212766,4.338297872,29.02817199
2.268085106,4.338297872,25.83184099
2.415957447,4.338297872,24.58261447
2.563829787,4.338297872,22.954714839999998
2.711702128,4.338297872,20.775376590000004
2.859574468,4.338297872,20.775376590000004
3.007446809,4.338297872,18.731298560000003
3.155319149,4.338297872,18.731298560000003
3.303191489,4.338297872,16.57283884
3.45106383,4.338297872,16.57283884
3.59893617,4.338297872,14.27833901
3.746808511,4.338297872,14.27833901
3.894680851,4.338297872,11.818300360000002
4.042553191,4.338297872,11.818300360000002
4.190425532,4.338297872,20.07092232
4.338297872,4.338297872,17.40334525
4.486170213,4.338297872,17.40334525
4.634042553,4.338297872,17.40334525
4.781914894,4.338297872,15.0167194
4.929787234,4.338297872,25.48830903
5.077659574,4.338297872,25.48830903
5.225531915,4.338297872,25.48830903
5.373404255,4.338297872,25.48830903
5.521276596,4.338297872,25.48830903
5.669148936,4.338297872,25.48830903
5.817021277,4.338297872,25.48830903
5.964893617,4.338297872,25.48830903
6.112765957,4.338297872,25.48830903
6.260638298,4.338297872,25.48830903
6.408510638,4.338297872,25.48830903
6.556382979,4.338297872,25.48830903
6.704255319,4.338297872,25.48830903
6.85212766,4.338297872,25.48830903
7.0,4.338297872,25.48830903
0.05,4.486170213,20.20714935
0.1978723404,4.486170213,12.837241180000007
0.3457446809,4.486170213,22.831774550000006
0.4936170213,4.486170213,18.61543983
0.6414893617,4.486170213,26.65358645
0.7893617021,4.486170213,24.384382589999994
0.9372340426,4.486170213,22.03924652
1.085106383,4.486170213,19.61000447
1.232978723,4.486170213,17.08690179
1.380851064,4.486170213,14.458138739999995
1.528723404,4.486170213,29.660236059999995
1.676595745,4.486170213,26.911311929999997
1.824468085,4.486170213,34.32492347
1.972340426,4.486170213,28.69047678
2.120212766,4.486170213,28.69047678
2.268085106,4.486170213,25.49414578
2.415957447,4.486170213,24.24491926
2.563829787,4.486170213,22.617019629999998
2.711702128,4.486170213,20.437681380000004
2.859574468,4.486170213,20.437681380000004
3.007446809,4.486170213,18.393603350000003
3.155319149,4.486170213,18.393603350000003
3.303191489,4.486170213,16.23514363
3.45106383,4.486170213,16.23514363
3.59893617,4.486170213,13.9406438
3.746808511,4.486170213,13.9406438
3.894680851,4.486170213,11.480605150000002
4.042553191,4.486170213,11.480605150000002
4.190425532,4.486170213,19.8733344
4.338297872,4.486170213,17.20575733
4.486170213,4.486170213,17.20575733
4.634042553,4.486170213,17.20575733
4.781914894,4.486170213,26.58043671
4.929787234,4.486170213,25.25957447
5.077659574,4.486170213,25.25957447
5.225531915,4.486170213,24.20714935
5.373404255,4.486170213,24.20714935
5.521276596,4.486170213,24.20714935
5.669148936,4.486170213,24.20714935
5.817021277,4.486170213,24.20714935
5.964893617,4.486170213,24.20714935
6.112765957,4.486170213,24.20714935
6.260638298,4.486170213,24.20714935
6.408510638,4.486170213,24.20714935
6.556382979,4.486170213,24.20714935
6.704255319,4.486170213,24.20714935
6.85212766,4.486170213,24.20714935
7.0,4.486170213,24.20714935
0.05,4.634042553,18.85429906
0.1978723404,4.634042553,11.688410039999994
0.3457446809,4.634042553,21.912761770000003
0.4936170213,4.634042553,28.102886319999996
0.6414893617,4.634042553,25.90268476
0.7893617021,4.634042553,23.633480899999995
0.9372340426,4.634042553,21.28834483
1.085106383,4.634042553,18.85910278
1.232978723,4.634042553,16.3360001
1.380851064,4.634042553,29.158948969999997
1.528723404,4.634042553,29.158948969999997
1.676595745,4.634042553,26.41002484
1.824468085,4.634042553,33.99277377999999
1.972340426,4.634042553,28.35832709
2.120212766,4.634042553,28.35832709
2.268085106,4.634042553,25.16199609
2.415957447,4.634042553,23.91276957
2.563829787,4.634042553,22.284869939999997
2.711702128,4.634042553,20.105531690000003
2.859574468,4.634042553,20.105531690000003
3.007446809,4.634042553,18.06145366
3.155319149,4.634042553,18.06145366
3.303191489,4.634042553,15.902993939999998
3.45106383,4.634042553,15.902993939999998
3.59893617,4.634042553,13.608494109999999
3.746808511,4.634042553,13.608494109999999
3.894680851,4.634042553,11.148455460000001
4.042553191,4.634042553,19.6789912
4.190425532,4.634042553,19.6789912
4.338297872,4.634042553,17.01141413
4.486170213,4.634042553,17.01141413
4.634042553,4.634042553,29.04170024
4.781914894,4.634042553,26.58043671
4.929787234,4.634042553,25.25957447
5.077659574,4.634042553,25.25957447
5.225531915,4.634042553,23.8335642
5.373404255,4.634042553,22.85429906
5.521276596,4.634042553,22.85429906
5.669148936,4.634042553,22.85429906
5.817021277,4.634042553,22.85429906
5.964893617,4.634042553,22.85429906
6.112765957,4.634042553,22.85429906
6.260638298,4.634042553,22.85429906
6.408510638,4.634042553,22.85429906
6.556382979,4.634042553,22.85429906
6.704255319,4.634042553,22.85429906
6.85212766,4.634042553,22.85429906
7.0,4.634042553,22.85429906
0.05,4.781914894,18.85429906
0.1978723404,4.781914894,10.557844619999997
0.3457446809,4.781914894,21.00836073
0.4936170213,4.781914894,27.36392351
0.6414893617,4.781914894,25.163721950000003
0.7893617021,4.781914894,22.89451809
0.9372340426,4.781914894,20.549382020000003
1.085106383,4.781914894,18.120139970000004
1.232978723,4.781914894,15.597037290000003
1.380851064,4.781914894,28.665632049999996
1.528723404,4.781914894,28.665632049999996
1.676595745,4.781914894,36.55314579
1.824468085,4.781914894,33.665905069999994
1.972340426,4.781914894,28.03145838
2.120212766,4.781914894,28.03145838
2.268085106,4.781914894,24.83512738
2.415957447,4.781914894,23.58590086
2.563829787,4.781914894,21.958001229999997
2.711702128,4.781914894,19.778662980000004
2.859574468,4.781914894,19.778662980000004
3.007446809,4.781914894,17.734584950000002
3.155319149,4.781914894,17.734584950000002
3.303191489,4.781914894,15.576125229999999
3.45106383,4.781914894,15.576125229999999
3.59893617,4.781914894,13.2816254
3.746808511,4.781914894,13.2816254
3.894680851,4.781914894,19.487737940000002
4.042553191,4.781914894,19.487737940000002
4.190425532,4.781914894,19.487737940000002
4.338297872,4.781914894,16.820160870000002
4.486170213,4.781914894,29.04170024
4.634042553,4.781914894,29.04170024
4.781914894,4.781914894,26.58043671
4.929787234,4.781914894,25.25957447
5.077659574,4.781914894,25.25957447
5.225531915,4.781914894,23.8335642
5.373404255,4.781914894,22.85429906
5.521276596,4.781914894,22.85429906
5.669148936,4.781914894,22.85429906
5.817021277,4.781914894,22.85429906
5.964893617,4.781914894,22.85429906
6.112765957,4.781914894,22.85429906
6.260638298,4.781914894,22.85429906
6.408510638,4.781914894,22.85429906
6.556382979,4.781914894,22.85429906
6.704255319,4.781914894,22.85429906
6.85212766,4.781914894,22.85429906
7.0,4.781914894,22.85429906
0.05,4.929787234,17.41618338
0.1978723404,4.929787234,24.119823869999998
0.3457446809,4.929787234,30.85268234
0.4936170213,4.929787234,26.636347619999995
0.6414893617,4.929787234,24.43614606
0.7893617021,4.929787234,22.166942199999994
0.9372340426,4.929787234,19.82180613
1.085106383,4.929787234,17.39256408
1.232978723,4.929787234,30.808679849999997
1.380851064,4.929787234,28.179916799999994
1.528723404,4.929787234,28.179916799999994
1.676595745,4.929787234,36.231313899999996
1.824468085,4.929787234,33.344073179999995
1.972340426,4.929787234,27.709626489999998
2.120212766,4.929787234,27.709626489999998
2.268085106,4.929787234,24.513295489999997
2.415957447,4.929787234,23.264068969999997
2.563829787,4.929787234,21.636169339999995
2.711702128,4.929787234,19.45683109
2.859574468,4.929787234,19.45683109
3.007446809,4.929787234,17.41275306
3.155319149,4.929787234,17.41275306
3.303191489,4.929787234,15.254293339999997
3.45106383,4.929787234,15.254293339999997
3.59893617,4.929787234,12.959793509999997
3.746808511,4.929787234,12.959793509999997
3.894680851,4.929787234,19.29943177
4.042553191,4.929787234,19.29943177
4.190425532,4.929787234,19.29943177
4.338297872,4.929787234,29.04170024
4.486170213,4.929787234,29.04170024
4.634042553,4.929787234,29.04170024
4.781914894,4.929787234,26.58043671
4.929787234,4.929787234,25.25957447
5.077659574,4.929787234,25.25957447
5.225531915,4.929787234,23.8335642
5.373404255,4.929787234,22.33382788
5.521276596,4.929787234,22.33382788
5.669148936,4.929787234,21.41618338
5.817021277,4.929787234,21.41618338
5.964893617,4.929787234,21.41618338
6.112765957,4.929787234,21.41618338
6.260638298,4.929787234,21.41618338
6.408510638,4.929787234,21.41618338
6.556382979,4.929787234,21.41618338
6.704255319,4.929787234,21.41618338
6.85212766,4.929787234,21.41618338
7.0,4.929787234,21.41618338
0.05,5.077659574,15.8743135
0.1978723404,5.077659574,23.24267021
0.3457446809,5.077659574,30.135982660000003
0.4936170213,5.077659574,25.919647939999997
0.6414893617,5.077659574,23.71944638
0.7893617021,5.077659574,21.450242519999996
0.9372340426,5.077659574,19.10510645
1.085106383,5.077659574,32.85332802
1.232978723,5.077659574,30.33022534
1.380851064,5.077659574,27.701462289999995
1.528723404,5.077659574,38.663217059999994
1.676595745,5.077659574,35.91429293
1.824468085,5.077659574,33.027052209999994
1.972340426,5.077659574,27.39260552
2.120212766,5.077659574,27.39260552
2.268085106,5.077659574,24.19627452
2.415957447,5.077659574,22.947048
2.563829787,5.077659574,21.319148369999997
2.711702128,5.077659574,19.139810120000003
2.859574468,5.077659574,19.139810120000003
3.007446809,5.077659574,17.095732090000002
3.155319149,5.077659574,17.095732090000002
3.303191489,5.077659574,14.937272369999999
3.45106383,5.077659574,14.937272369999999
3.59893617,5.077659574,12.64277254
3.746808511,5.077659574,21.57397915
3.894680851,5.077659574,19.113940500000002
4.042553191,5.077659574,19.113940500000002
4.190425532,5.077659574,31.70927731
4.338297872,5.077659574,29.04170024
4.486170213,5.077659574,29.04170024
4.634042553,5.077659574,29.04170024
4.781914894,5.077659574,26.58043671
4.929787234,5.077659574,25.25957447
5.077659574,5.077659574,25.25957447
5.225531915,5.077659574,23.8335642
5.373404255,5.077659574,22.33382788
5.521276596,5.077659574,22.33382788
5.669148936,5.077659574,20.72589168
5.817021277,5.077659574,20.72589168
5.964893617,5.077659574,20.72589168
6.112765957,5.077659574,19.8743135
6.260638298,5.077659574,19.8743135
6.408510638,5.077659574,19.8743135
6.556382979,5.077659574,19.8743135
6.704255319,5.077659574,19.8743135
6.85212766,5.077659574,19.8743135
7.0,5.077659574,19.8743135
0.05,5.225531915,15.8743135
0.1978723404,5.225531915,22.37824803
0.3457446809,5.225531915,29.429685550000002
0.4936170213,5.225531915,25.213350829999996
0.6414893617,5.225531915,23.01314927
0.7893617021,5.225531915,20.743945409999995
0.9372340426,5.225531915,18.39880934
1.085106383,5.225531915,32.38181807
1.232978723,5.225531915,29.85871539
1.380851064,5.225531915,27.229952339999997
1.528723404,5.225531915,38.35079750999999
1.676595745,5.225531915,35.60187338
1.824468085,5.225531915,32.71463265999999
1.972340426,5.225531915,27.08018597
2.120212766,5.225531915,27.08018597
2.268085106,5.225531915,23.883854969999998
2.415957447,5.225531915,22.634628449999997
2.563829787,5.225531915,21.006728819999996
2.711702128,5.225531915,18.827390570000002
2.859574468,5.225531915,18.827390570000002
3.007446809,5.225531915,16.78331254
3.155319149,5.225531915,16.78331254
3.303191489,5.225531915,14.624852819999997
3.45106383,5.225531915,14.624852819999997
3.59893617,5.225531915,21.391180209999998
3.746808511,5.225531915,21.391180209999998
3.894680851,5.225531915,18.93114156
4.042553191,5.225531915,31.70927731
4.190425532,5.225531915,31.70927731
4.338297872,5.225531915,29.04170024
4.486170213,5.225531915,29.04170024
4.634042553,5.225531915,29.04170024
4.781914894,5.225531915,26.58043671
4.929787234,5.225531915,25.25957447
5.077659574,5.225531915,25.25957447
5.225531915,5.225531915,23.8335642
5.373404255,5.225531915,22.33382788
5.521276596,5.225531915,22.33382788
5.669148936,5.225531915,20.72589168
5.817021277,5.225531915,20.72589168
5.964893617,5.225531915,20.72589168
6.112765957,5.225531915,19.8743135
6.260638298,5.225531915,19.8743135
6.408510638,5.225531915,19.8743135
6.556382979,5.225531915,19.8743135
6.704255319,5.225531915,19.8743135
6.85212766,5.225531915,19.8743135
7.0,5.225531915,19.8743135
0.05,5.373404255,14.30270437
0.1978723404,5.373404255,21.526018569999998
0.3457446809,5.373404255,28.733350790000003
0.4936170213,5.373404255,24.517016069999997
0.6414893617,5.373404255,22.31681451
0.7893617021,5.373404255,20.047610649999996
0.9372340426,5.373404255,34.34620083
1.085106383,5.373404255,31.91695878
1.232978723,5.373404255,29.3938561
1.380851064,5.373404255,38.04278465
1.528723404,5.373404255,38.04278465
1.676595745,5.373404255,35.293860519999996
1.824468085,5.373404255,32.4066198
1.972340426,5.373404255,26.77217311
2.120212766,5.373404255,26.77217311
2.268085106,5.373404255,23.57584211
2.415957447,5.373404255,22.32661559
2.563829787,5.373404255,20.698715959999998
2.711702128,5.373404255,18.519377710000004
2.859574468,5.373404255,18.519377710000004
3.007446809,5.373404255,16.475299680000003
3.155319149,5.373404255,16.475299680000003
3.303191489,5.373404255,14.31683996
3.45106383,5.373404255,14.31683996
3.59893617,5.373404255,21.21095965
3.746808511,5.373404255,21.21095965
3.894680851,5.373404255,31.70927731
4.042553191,5.373404255,31.70927731
4.190425532,5.373404255,31.70927731
4.338297872,5.373404255,29.04170024
4.486170213,5.373404255,29.04170024
4.634042553,5.373404255,29.04170024
4.781914894,5.373404255,26.58043671
4.929787234,5.373404255,25.25957447
5.077659574,5.373404255,25.25957447
5.225531915,5.373404255,23.8335642
5.373404255,5.373404255,22.33382788
5.521276596,5.373404255,22.33382788
5.669148936,5.373404255,20.72589168
5.817021277,5.373404255,20.72589168
5.964893617,5.373404255,20.72589168
6.112765957,5.373404255,18.98230374
6.260638298,5.373404255,18.98230374
6.408510638,5.373404255,18.30270437
6.556382979,5.373404255,18.30270437
6.704255319,5.373404255,18.30270437
6.85212766,5.373404255,18.30270437
7.0,5.373404255,18.30270437
0.05,5.521276596,22.615598159999998
0.1978723404,5.521276596,32.04849633
0.3457446809,5.521276596,28.046568360000002
0.4936170213,5.521276596,23.830233639999996
0.6414893617,5.521276596,21.63003208
0.7893617021,5.521276596,19.360828219999995
0.9372340426,5.521276596,33.88771849
1.085106383,5.521276596,31.45847644
1.232978723,5.521276596,28.935373759999997
1.380851064,5.521276596,37.73899711999999
1.528723404,5.521276596,37.73899711999999
1.676595745,5.521276596,34.99007299
1.824468085,5.521276596,32.10283226999999
1.972340426,5.521276596,26.46838558
2.120212766,5.521276596,26.46838558
2.268085106,5.521276596,23.27205458
2.415957447,5.521276596,22.02282806
2.563829787,5.521276596,20.394928429999997
2.711702128,5.521276596,18.215590180000003
2.859574468,5.521276596,18.215590180000003
3.007446809,5.521276596,16.17151215
3.155319149,5.521276596,16.17151215
3.303191489,5.521276596,14.013052429999998
3.45106383,5.521276596,23.327711179999998
3.59893617,5.521276596,21.03321135
3.746808511,5.521276596,34.16931596
3.894680851,5.521276596,31.70927731
4.042553191,5.521276596,31.70927731
4.190425532,5.521276596,31.70927731
4.338297872,5.521276596,29.04170024
4.486170213,5.521276596,29.04170024
4.634042553,5.521276596,29.04170024
4.781914894,5.521276596,26.58043671
4.929787234,5.521276596,25.25957447
5.077659574,5.521276596,25.25957447
5.225531915,5.521276596,23.8335642
5.373404255,5.521276596,22.33382788
5.521276596,5.521276596,22.33382788
5.669148936,5.521276596,20.72589168
5.817021277,5.521276596,20.72589168
5.964893617,5.521276596,20.72589168
6.112765957,5.521276596,18.98230374
6.260638298,5.521276596,18.98230374
6.408510638,5.521276596,18.2023655
6.556382979,5.521276596,18.2023655
6.704255319,5.521276596,18.2023655
6.85212766,5.521276596,18.2023655
7.0,5.521276596,18.2023655
0.05,5.669148936,21.78628216
0.1978723404,5.669148936,31.370883569999997
0.3457446809,5.669148936,27.3689556
0.4936170213,5.669148936,23.152620879999994
0.6414893617,5.669148936,20.952419319999997
0.7893617021,5.669148936,35.780493709999995
0.9372340426,5.669148936,33.43535764
1.085106383,5.669148936,31.00611559
1.232978723,5.669148936,40.06802869
1.380851064,5.669148936,37.439265639999995
1.528723404,5.669148936,37.439265639999995
1.676595745,5.669148936,34.690341509999996
1.824468085,5.669148936,31.803100789999995
1.972340426,5.669148936,26.168654099999998
2.120212766,5.669148936,26.168654099999998
2.268085106,5.669148936,22.972323099999997
2.415957447,5.669148936,21.723096579999996
2.563829787,5.669148936,20.095196949999995
2.711702128,5.669148936,17.9158587
2.859574468,5.669148936,17.9158587
3.007446809,5.669148936,15.87178067
3.155319149,5.669148936,15.87178067
3.303191489,5.669148936,23.152336119999998
3.45106383,5.669148936,23.152336119999998
3.59893617,5.669148936,34.16931596
3.746808511,5.669148936,34.16931596
3.894680851,5.669148936,31.70927731
4.042553191,5.669148936,31.70927731
4.190425532,5.669148936,31.70927731
4.338297872,5.669148936,29.04170024
4.486170213,5.669148936,29.04170024
4.634042553,5.669148936,29.04170024
4.781914894,5.669148936,26.58043671
4.929787234,5.669148936,25.25957447
5.077659574,5.669148936,25.25957447
5.225531915,5.669148936,23.8335642
5.373404255,5.669148936,22.33382788
5.521276596,5.669148936,22.33382788
5.669148936,5.669148936,20.72589168
5.817021277,5.669148936,20.72589168
5.964893617,5.669148936,20.72589168
6.112765957,5.669148936,18.98230374
6.260638298,5.669148936,18.98230374
6.408510638,5.669148936,17.49613434
6.556382979,5.669148936,17.49613434
6.704255319,5.669148936,17.49613434
6.85212766,5.669148936,17.49613434
7.0,5.669148936,17.49613434
0.05,5.817021277,20.967750860000002
0.1978723404,5.817021277,30.70208272
0.3457446809,5.817021277,26.700154750000003
0.4936170213,5.817021277,22.483820029999997
0.6414893617,5.817021277,20.28361847
0.7893617021,5.817021277,35.334015519999994
0.9372340426,5.817021277,32.98887945
1.085106383,5.817021277,30.5596374
1.232978723,5.817021277,39.77219503
1.380851064,5.817021277,37.143431979999995
1.528723404,5.817021277,37.143431979999995
1.676595745,5.817021277,34.39450785
1.824468085,5.817021277,31.507267129999995
1.972340426,5.817021277,25.872820439999998
2.120212766,5.817021277,25.872820439999998
2.268085106,5.817021277,22.676489439999997
2.415957447,5.817021277,21.427262919999997
2.563829787,5.817021277,19.799363289999995
2.711702128,5.817021277,17.62002504
2.859574468,5.817021277,17.62002504
3.007446809,5.817021277,15.57594701
3.155319149,5.817021277,15.57594701
3.303191489,5.817021277,22.979241699999996
3.45106383,5.817021277,36.46381579
3.59893617,5.817021277,34.16931596
3.746808511,5.817021277,34.16931596
3.894680851,5.817021277,31.70927731
4.042553191,5.817021277,31.70927731
4.190425532,5.817021277,31.70927731
4.338297872,5.817021277,29.04170024
4.486170213,5.817021277,29.04170024
4.634042553,5.817021277,29.04170024
4.781914894,5.817021277,26.58043671
4.929787234,5.817021277,25.25957447
5.077659574,5.817021277,25.25957447
5.225531915,5.817021277,23.8335642
5.373404255,5.817021277,22.33382788
5.521276596,5.817021277,22.33382788
5.669148936,5.817021277,20.72589168
5.817021277,5.817021277,20.72589168
5.964893617,5.817021277,20.72589168
6.112765957,5.817021277,18.98230374
6.260638298,5.817021277,18.98230374
6.408510638,5.817021277,17.49613434
6.556382979,5.817021277,17.49613434
6.704255319,5.817021277,17.49613434
6.85212766,5.817021277,17.49613434
7.0,5.817021277,17.49613434
0.05,5.964893617,20.15959418
0.1978723404,5.964893617,30.04175869
0.3457446809,5.964893617,26.039830720000005
0.4936170213,5.964893617,21.823496
0.6414893617,5.964893617,19.623294440000002
0.7893617021,5.964893617,34.89319628
0.9372340426,5.964893617,32.54806021
1.085106383,5.964893617,42.00321364
1.232978723,5.964893617,39.480110960000005
1.380851064,5.964893617,36.85134791
1.528723404,5.964893617,36.85134791
1.676595745,5.964893617,34.102423779999995
1.824468085,5.964893617,31.215183059999998
1.972340426,5.964893617,25.58073637
2.120212766,5.964893617,25.58073637
2.268085106,5.964893617,22.38440537
2.415957447,5.964893617,21.13517885
2.563829787,5.964893617,19.507279219999997
2.711702128,5.964893617,17.327940970000004
2.859574468,5.964893617,17.327940970000004
3.007446809,5.964893617,15.283862940000002
3.155319149,5.964893617,24.966800910000003
3.303191489,5.964893617,36.46381579
3.45106383,5.964893617,36.46381579
3.59893617,5.964893617,34.16931596
3.746808511,5.964893617,34.16931596
3.894680851,5.964893617,31.70927731
4.042553191,5.964893617,31.70927731
4.190425532,5.964893617,31.70927731
4.338297872,5.964893617,29.04170024
4.486170213,5.964893617,29.04170024
4.634042553,5.964893617,29.04170024
4.781914894,5.964893617,26.58043671
4.929787234,5.964893617,25.25957447
5.077659574,5.964893617,25.25957447
5.225531915,5.964893617,23.8335642
5.373404255,5.964893617,22.33382788
5.521276596,5.964893617,22.33382788
5.669148936,5.964893617,20.72589168
5.817021277,5.964893617,20.72589168
5.964893617,5.964893617,20.72589168
6.112765957,5.964893617,18.98230374
6.260638298,5.964893617,18.98230374
6.408510638,5.964893617,17.30322864
6.556382979,5.964893617,17.0785714
6.704255319,5.964893617,17.0785714
6.85212766,5.964893617,17.0785714
7.0,5.964893617,17.0785714
0.05,6.112765957,19.361427340000006
0.1978723404,6.112765957,29.389597119999998
0.3457446809,6.112765957,25.38766915
0.4936170213,6.112765957,21.171334429999995
0.6414893617,6.112765957,36.72703
0.7893617021,6.112765957,34.457826139999995
0.9372340426,6.112765957,32.11269007
1.085106383,6.112765957,41.7147401
1.232978723,6.112765957,39.19163742
1.380851064,6.112765957,36.562874369999996
1.528723404,6.112765957,36.562874369999996
1.676595745,6.112765957,33.81395024
1.824468085,6.112765957,30.926709519999996
1.972340426,6.112765957,25.29226283
2.120212766,6.112765957,25.29226283
2.268085106,6.112765957,22.095931829999998
2.415957447,6.112765957,20.846705309999997
2.563829787,6.112765957,19.218805679999996
2.711702128,6.112765957,17.039467430000002
2.859574468,6.112765957,17.039467430000002
3.007446809,6.112765957,14.9953894
3.155319149,6.112765957,38.62227551
3.303191489,6.112765957,36.46381579
3.45106383,6.112765957,36.46381579
3.59893617,6.112765957,34.16931596
3.746808511,6.112765957,34.16931596
3.894680851,6.112765957,31.70927731
4.042553191,6.112765957,31.70927731
4.190425532,6.112765957,31.70927731
4.338297872,6.112765957,29.04170024
4.486170213,6.112765957,29.04170024
4.634042553,6.112765957,29.04170024
4.781914894,6.112765957,26.58043671
4.929787234,6.112765957,25.25957447
5.077659574,6.112765957,25.25957447
5.225531915,6.112765957,23.8335642
5.373404255,6.112765957,22.33382788
5.521276596,6.112765957,22.33382788
5.669148936,6.112765957,20.72589168
5.817021277,6.112765957,20.72589168
5.964893617,6.112765957,20.72589168
6.112765957,6.112765957,18.98230374
6.260638298,6.112765957,18.98230374
6.408510638,6.112765957,17.30322864
6.556382979,6.112765957,17.0785714
6.704255319,6.112765957,17.0785714
6.85212766,6.112765957,17.0785714
7.0,6.112765957,17.0785714
0.05,6.260638298,18.572888809999995
0.1978723404,6.260638298,28.74530258
0.3457446809,6.260638298,24.743374610000004
0.4936170213,6.260638298,20.527039889999998
0.6414893617,6.260638298,36.29691173
0.7893617021,6.260638298,34.02770786999999
0.9372340426,6.260638298,31.682571799999998
1.085106383,6.260638298,41.42974643
1.232978723,6.260638298,38.90664375
1.380851064,6.260638298,36.2778807
1.528723404,6.260638298,36.2778807
1.676595745,6.260638298,33.52895657
1.824468085,6.260638298,30.641715849999997
1.972340426,6.260638298,25.00726916
2.120212766,6.260638298,25.00726916
2.268085106,6.260638298,21.81093816
2.415957447,6.260638298,20.56171164
2.563829787,6.260638298,18.933812009999997
2.711702128,6.260638298,16.754473760000003
2.859574468,6.260638298,16.754473760000003
3.007446809,6.260638298,38.62227551
3.155319149,6.260638298,38.62227551
3.303191489,6.260638298,36.46381579
3.45106383,6.260638298,36.46381579
3.59893617,6.260638298,34.16931596
3.746808511,6.260638298,34.16931596
3.894680851,6.260638298,31.70927731
4.042553191,6.260638298,31.70927731
4.190425532,6.260638298,31.70927731
4.338297872,6.260638298,29.04170024
4.486170213,6.260638298,29.04170024
4.634042553,6.260638298,29.04170024
4.781914894,6.260638298,26.58043671
4.929787234,6.260638298,25.25957447
5.077659574,6.260638298,25.25957447
5.225531915,6.260638298,23.8335642
5.373404255,6.260638298,22.33382788
5.521276596,6.260638298,22.33382788
5.669148936,6.260638298,20.72589168
5.817021277,6.260638298,20.72589168
5.964893617,6.260638298,20.72589168
6.112765957,6.260638298,18.98230374
6.260638298,6.260638298,18.98230374
6.408510638,6.260638298,17.30322864
6.556382979,6.260638298,17.06157788
6.704255319,6.260638298,17.06157788
6.85212766,6.260638298,16.65054057
7.0,6.260638298,16.65054057
0.05,6.408510638,30.038715240000002
0.1978723404,6.408510638,28.108597070000002
0.3457446809,6.408510638,24.106669100000005
0.4936170213,6.408510638,38.072061309999995
0.6414893617,6.408510638,35.87185975
0.7893617021,6.408510638,33.602655889999994
0.9372340426,6.408510638,43.57735169
1.085106383,6.408510638,41.14810964
1.232978723,6.408510638,38.62500696
1.380851064,6.408510638,35.99624391
1.528723404,6.408510638,35.99624391
1.676595745,6.408510638,33.24731978
1.824468085,6.408510638,30.360079059999997
1.972340426,6.408510638,24.72563237
2.120212766,6.408510638,24.72563237
2.268085106,6.408510638,21.52930137
2.415957447,6.408510638,20.28007485
2.563829787,6.408510638,18.652175219999997
2.711702128,6.408510638,16.472836970000003
2.859574468,6.408510638,16.472836970000003
3.007446809,6.408510638,38.62227551
3.155319149,6.408510638,38.62227551
3.303191489,6.408510638,36.46381579
3.45106383,6.408510638,36.46381579
3.59893617,6.408510638,34.16931596
3.746808511,6.408510638,34.16931596
3.894680851,6.408510638,31.70927731
4.042553191,6.408510638,31.70927731
4.190425532,6.408510638,31.70927731
4.338297872,6.408510638,29.04170024
4.486170213,6.408510638,29.04170024
4.634042553,6.408510638,29.04170024
4.781914894,6.408510638,26.58043671
4.929787234,6.408510638,25.25957447
5.077659574,6.408510638,25.25957447
5.225531915,6.408510638,23.8335642
5.373404255,6.408510638,22.33382788
5.521276596,6.408510638,22.33382788
5.669148936,6.408510638,20.72589168
5.817021277,6.408510638,20.72589168
5.964893617,6.408510638,20.72589168
6.112765957,6.408510638,18.98230374
6.260638298,6.408510638,18.98230374
6.408510638,6.408510638,17.30322864
6.556382979,6.408510638,17.06157788
6.704255319,6.408510638,17.06157788
6.85212766,6.408510638,16.65054057
7.0,6.408510638,16.65054057
0.05,6.556382979,29.40933675
0.1978723404,6.556382979,27.47921858
0.3457446809,6.556382979,23.477290610000004
0.4936170213,6.556382979,37.6519007
0.6414893617,6.556382979,35.45169914
0.7893617021,6.556382979,33.18249528
0.9372340426,6.556382979,43.298955899999996
1.085106383,6.556382979,40.86971385
1.232978723,6.556382979,38.34661117
1.380851064,6.556382979,35.71784812
1.528723404,6.556382979,35.71784812
1.676595745,6.556382979,32.96892398999999
1.824468085,6.556382979,30.081683269999996
1.972340426,6.556382979,24.44723658
2.120212766,6.556382979,24.44723658
2.268085106,6.556382979,21.250905579999998
2.415957447,6.556382979,20.001679059999997
2.563829787,6.556382979,18.373779429999995
2.711702128,6.556382979,16.194441180000002
2.859574468,6.556382979,40.66635354
3.007446809,6.556382979,38.62227551
3.155319149,6.556382979,38.62227551
3.303191489,6.556382979,36.46381579
3.45106383,6.556382979,36.46381579
3.59893617,6.556382979,34.16931596
3.746808511,6.556382979,34.16931596
3.894680851,6.556382979,31.70927731
4.042553191,6.556382979,31.70927731
4.190425532,6.556382979,31.70927731
4.338297872,6.556382979,29.04170024
4.486170213,6.556382979,29.04170024
4.634042553,6.556382979,29.04170024
4.781914894,6.556382979,26.58043671
4.929787234,6.556382979,25.25957447
5.077659574,6.556382979,25.25957447
5.225531915,6.556382979,23.8335642
5.373404255,6.556382979,22.33382788
5.521276596,6.556382979,22.33382788
5.669148936,6.556382979,20.72589168
5.817021277,6.556382979,20.72589168
5.964893617,6.556382979,20.72589168
6.112765957,6.556382979,18.98230374
6.260638298,6.556382979,18.98230374
6.408510638,6.556382979,17.30322864
6.556382979,6.556382979,17.06157788
6.704255319,6.556382979,17.06157788
6.85212766,6.556382979,16.21121278
7.0,6.556382979,16.21121278
0.05,6.704255319,28.787038000000003
0.1978723404,6.704255319,26.856919830000002
0.3457446809,6.704255319,22.854991860000005
0.4936170213,6.704255319,37.23646639
0.6414893617,6.704255319,35.03626483
0.7893617021,6.704255319,45.36882778
0.9372340426,6.704255319,43.02369171
1.085106383,6.704255319,40.59444966
1.232978723,6.704255319,38.07134698
1.380851064,6.704255319,35.44258393
1.528723404,6.704255319,35.44258393
1.676595745,6.704255319,32.6936598
1.824468085,6.704255319,29.806419079999998
1.972340426,6.704255319,24.17197239
2.120212766,6.704255319,24.17197239
2.268085106,6.704255319,20.97564139
2.415957447,6.704255319,19.72641487
2.563829787,6.704255319,18.098515239999998
2.711702128,6.704255319,30.398929620000004
2.859574468,6.704255319,40.66635354
3.007446809,6.704255319,38.62227551
3.155319149,6.704255319,38.62227551
3.303191489,6.704255319,36.46381579
3.45106383,6.704255319,36.46381579
3.59893617,6.704255319,34.16931596
3.746808511,6.704255319,34.16931596
3.894680851,6.704255319,31.70927731
4.042553191,6.704255319,31.70927731
4.190425532,6.704255319,31.70927731
4.338297872,6.704255319,29.04170024
4.486170213,6.704255319,29.04170024
4.634042553,6.704255319,29.04170024
4.781914894,6.704255319,26.58043671
4.929787234,6.704255319,25.25957447
5.077659574,6.704255319,25.25957447
5.225531915,6.704255319,23.8335642
5.373404255,6.704255319,22.33382788
5.521276596,6.704255319,22.33382788
5.669148936,6.704255319,20.72589168
5.817021277,6.704255319,20.72589168
5.964893617,6.704255319,20.72589168
6.112765957,6.704255319,18.98230374
6.260638298,6.704255319,18.98230374
6.408510638,6.704255319,17.30322864
6.556382979,6.704255319,17.06157788
6.704255319,6.704255319,17.06157788
6.85212766,6.704255319,16.0574732
7.0,6.704255319,15.75964338
0.05,6.85212766,28.17158532
0.1978723404,6.85212766,26.24146715
0.3457446809,6.85212766,22.23953918
0.4936170213,6.85212766,36.82560238
0.6414893617,6.85212766,34.62540082
0.7893617021,6.85212766,45.09659186
0.9372340426,6.85212766,42.75145579
1.085106383,6.85212766,40.32221374
1.232978723,6.85212766,37.79911106
1.380851064,6.85212766,35.17034801
1.528723404,6.85212766,35.17034801
1.676595745,6.85212766,32.42142388
1.824468085,6.85212766,29.534183159999998
1.972340426,6.85212766,23.89973647
2.120212766,6.85212766,23.89973647
2.268085106,6.85212766,20.70340547
2.415957447,6.85212766,19.45417895
2.563829787,6.85212766,32.46531915999999
2.711702128,6.85212766,40.66635354
2.859574468,6.85212766,40.66635354
3.007446809,6.85212766,38.62227551
3.155319149,6.85212766,38.62227551
3.303191489,6.85212766,36.46381579
3.45106383,6.85212766,36.46381579
3.59893617,6.85212766,34.16931596
3.746808511,6.85212766,34.16931596
3.894680851,6.85212766,31.70927731
4.042553191,6.85212766,31.70927731
4.190425532,6.85212766,31.70927731
4.338297872,6.85212766,29.04170024
4.486170213,6.85212766,29.04170024
4.634042553,6.85212766,29.04170024
4.781914894,6.85212766,26.58043671
4.929787234,6.85212766,25.25957447
5.077659574,6.85212766,25.25957447
5.225531915,6.85212766,23.8335642
5.373404255,6.85212766,22.33382788
5.521276596,6.85212766,22.33382788
5.669148936,6.85212766,20.72589168
5.817021277,6.85212766,20.72589168
5.964893617,6.85212766,20.72589168
6.112765957,6.85212766,18.98230374
6.260638298,6.85212766,18.98230374
6.408510638,6.85212766,17.30322864
6.556382979,6.85212766,17.06157788
6.704255319,6.85212766,17.06157788
6.85212766,6.85212766,16.0574732
7.0,6.85212766,15.29474828
0.05,7.0,27.56275762
0.1978723404,7.0,25.63263945
0.3457446809,7.0,40.63549579
0.4936170213,7.0,36.419161069999994
0.6414893617,7.0,34.21895951
0.7893617021,7.0,44.82728639
0.9372340426,7.0,42.48215032
1.085106383,7.0,40.05290827
1.232978723,7.0,37.529805589999995
1.380851064,7.0,34.90104253999999
1.528723404,7.0,34.90104253999999
1.676595745,7.0,32.15211841
1.824468085,7.0,29.264877689999995
1.972340426,7.0,23.630430999999998
2.120212766,7.0,23.630430999999998
2.268085106,7.0,20.434099999999997
2.415957447,7.0,19.184873479999997
2.563829787,7.0,32.353586279999995
2.711702128,7.0,40.66635354
2.859574468,7.0,40.66635354
3.007446809,7.0,38.62227551
3.155319149,7.0,38.62227551
3.303191489,7.0,36.46381579
3.45106383,7.0,36.46381579
3.59893617,7.0,34.16931596
3.746808511,7.0,34.16931596
3.894680851,7.0,31.70927731
4.042553191,7.0,31.70927731
4.190425532,7.0,31.70927731
4.338297872,7.0,29.04170024
4.486170213,7.0,29.04170024
4.634042553,7.0,29.04170024
4.781914894,7.0,26.58043671
4.929787234,7.0,25.25957447
5.077659574,7.0,25.25957447
5.225531915,7.0,23.8335642
5.373404255,7.0,22.33382788
5.521276596,7.0,22.33382788
5.669148936,7.0,20.72589168
5.817021277,7.0,20.72589168
5.964893617,7.0,20.72589168
6.112765957,7.0,18.98230374
6.260638298,7.0,18.98230374
6.408510638,7.0,17.30322864
6.556382979,7.0,17.06157788
6.704255319,7.0,17.06157788
6.85212766,7.0,16.0574732
7.0,7.0,15.29474828
