figure_id,block,method,Q,trial,candidate_family_size,restricted_gap,grid_ne_gap,runtime_sec,stage2_calls,final_pE,final_pN
F1,F,Proposed,1,1,2.0,0.0,nan,0.00043012492824345827,1,0.5,0.5
F1,F,Proposed,1,2,2.0,0.0,nan,0.0007635420188307762,5,0.5,0.5
F1,F,Proposed,1,3,2.0,0.0,nan,0.00037720799446105957,1,0.5,0.5
F1,F,Proposed,1,4,2.0,0.0,nan,0.0016797090647742152,5,0.5,0.5
F1,F,Proposed,1,5,2.0,0.0,nan,0.0003790839109569788,1,0.5,0.5
F1,F,Proposed,1,6,2.0,0.0,nan,0.0014731250703334808,5,0.5,0.5
F1,F,Proposed,1,7,2.0,0.0,nan,0.0007237909594550729,5,0.5,0.5
F1,F,Proposed,1,8,2.0,0.0,nan,0.0007015829905867577,5,0.5,0.5
F1,F,Proposed,1,9,2.0,0.0,nan,0.0005442920373752713,3,0.5,0.5
F1,F,Proposed,1,10,2.0,0.0,nan,0.0005520000122487545,3,0.5,0.5
F1,F,Proposed,1,11,2.0,0.0,nan,0.0005401669768616557,3,0.5,0.5
F1,F,Proposed,1,12,2.0,0.0,nan,0.0003895839909091592,1,0.5,0.5
F1,F,Proposed,1,13,2.0,0.0,nan,0.0006905830232426524,5,0.5,0.5
F1,F,Proposed,1,14,2.0,0.0,nan,0.0007037089671939611,5,0.5,0.5
F1,F,Proposed,1,15,2.0,0.0,nan,0.0003489169757813215,1,0.5,0.5
F1,F,Proposed,1,16,2.6666666666666665,0.0,nan,0.007408292032778263,11,0.5,0.1332057355928107
F1,F,Proposed,1,17,2.0,0.0,nan,0.0003738329978659749,1,0.5,0.5
F1,F,Proposed,1,18,2.6666666666666665,0.0,nan,0.006268083001486957,12,0.5,0.18747070347622266
F1,F,Proposed,1,19,2.6666666666666665,0.0,nan,0.006761500029824674,11,0.5,0.13952323908236586
F1,F,Proposed,1,20,2.0,0.0,nan,0.0003811659989878535,1,0.5,0.5
F1,F,Proposed,2,1,3.0,0.0,nan,0.0004208330065011978,1,0.5,0.5
F1,F,Proposed,2,2,3.0,0.0,nan,0.000747875077649951,5,0.5,0.5
F1,F,Proposed,2,3,3.0,0.0,nan,0.0004954999312758446,1,0.5,0.5
F1,F,Proposed,2,4,3.0,0.0,nan,0.0014715840807184577,5,0.5,0.5
F1,F,Proposed,2,5,3.0,0.0,nan,0.0004520420916378498,1,0.5,0.5
F1,F,Proposed,2,6,3.0,0.0,nan,0.001520959078334272,5,0.5,0.5
F1,F,Proposed,2,7,3.0,0.0,nan,0.0007828749949112535,5,0.5,0.5
F1,F,Proposed,2,8,4.5,0.0,nan,0.016229292028583586,19,0.11099060063237721,0.5
F1,F,Proposed,2,9,3.0,0.0,nan,0.00060374999884516,3,0.5,0.5
F1,F,Proposed,2,10,3.0,0.0,nan,0.0006155000301077962,3,0.5,0.5
F1,F,Proposed,2,11,3.0,0.0,nan,0.0005892089102417231,3,0.5,0.5
F1,F,Proposed,2,12,3.0,0.0,nan,0.00043470796663314104,1,0.5,0.5
F1,F,Proposed,2,13,3.0,0.0,nan,0.0007846250664442778,5,0.5,0.5
F1,F,Proposed,2,14,3.0,0.0,nan,0.0008552080253139138,5,0.5,0.5
F1,F,Proposed,2,15,3.0,0.0,nan,0.0004731660010293126,1,0.5,0.5
F1,F,Proposed,2,16,6.0,0.0,nan,0.07171249995008111,38,0.21962923002822385,0.12720766509682738
F1,F,Proposed,2,17,3.0,0.0,nan,0.0004229999613016844,1,0.5,0.5
F1,F,Proposed,2,18,4.0,0.0,nan,0.01817183301318437,16,0.5,0.18747070347622266
F1,F,Proposed,2,19,4.0,0.0,nan,0.011197875021025538,15,0.5,0.13952323908236586
F1,F,Proposed,2,20,3.0,0.0,nan,0.000520208035595715,1,0.5,0.5
F1,F,Proposed,3,1,4.0,0.0,nan,0.0004853750579059124,1,0.5,0.5
F1,F,Proposed,3,2,4.0,0.0,nan,0.0008029169403016567,5,0.5,0.5
F1,F,Proposed,3,3,4.0,0.0,nan,0.0004930829163640738,1,0.5,0.5
F1,F,Proposed,3,4,4.0,0.0,nan,0.0017977500101551414,5,0.5,0.5
F1,F,Proposed,3,5,4.0,0.0,nan,0.0005018330411985517,1,0.5,0.5
F1,F,Proposed,3,6,4.0,0.0,nan,0.002317667007446289,5,0.5,0.5
F1,F,Proposed,3,7,4.0,0.0,nan,0.001012708991765976,5,0.5,0.5
F1,F,Proposed,3,8,6.0,0.0,nan,0.02963266707956791,19,0.11099060063237721,0.5
F1,F,Proposed,3,9,4.0,0.0,nan,0.003999957931227982,3,0.5,0.5
F1,F,Proposed,3,10,4.0,0.0,nan,0.0006685000844299793,3,0.5,0.5
F1,F,Proposed,3,11,4.0,0.0,nan,0.0007437500171363354,3,0.5,0.5
F1,F,Proposed,3,12,4.0,0.0,nan,0.0004991251043975353,1,0.5,0.5
F1,F,Proposed,3,13,4.0,0.0,nan,0.0007968751015141606,5,0.5,0.5
F1,F,Proposed,3,14,4.0,0.0,nan,0.0008442080579698086,5,0.5,0.5
F1,F,Proposed,3,15,4.0,0.0,nan,0.000517625012435019,1,0.5,0.5
F1,F,Proposed,3,16,9.6,0.0,nan,0.06960166699718684,39,0.21962923002822385,0.12720766509682738
F1,F,Proposed,3,17,4.0,0.0,nan,0.0005134170642122626,1,0.5,0.5
F1,F,Proposed,3,18,5.333333333333333,0.0,nan,0.024554083007387817,18,0.5,0.18747070347622266
F1,F,Proposed,3,19,5.333333333333333,0.0,nan,0.011065041995607316,15,0.5,0.13952323908236586
F1,F,Proposed,3,20,4.0,0.0,nan,0.0004949590656906366,1,0.5,0.5
F1,F,Proposed,4,1,5.0,0.0,nan,0.0005603330209851265,1,0.5,0.5
F1,F,Proposed,4,2,5.0,0.0,nan,0.0009040000149980187,5,0.5,0.5
F1,F,Proposed,4,3,5.0,0.0,nan,0.0005490420153364539,1,0.5,0.5
F1,F,Proposed,4,4,5.0,0.0,nan,0.0016355830011889338,5,0.5,0.5
F1,F,Proposed,4,5,5.0,0.0,nan,0.0005492919590324163,1,0.5,0.5
F1,F,Proposed,4,6,5.0,0.0,nan,0.0017281250329688191,5,0.5,0.5
F1,F,Proposed,4,7,5.0,0.0,nan,0.000900540966540575,5,0.5,0.5
F1,F,Proposed,4,8,7.5,0.0,nan,0.015983833000063896,19,0.11099060063237721,0.5
F1,F,Proposed,4,9,5.0,0.0,nan,0.0007363749900832772,3,0.5,0.5
F1,F,Proposed,4,10,5.0,0.0,nan,0.0007343749748542905,3,0.5,0.5
F1,F,Proposed,4,11,5.0,0.0,nan,0.0007330001099035144,3,0.5,0.5
F1,F,Proposed,4,12,5.0,0.0,nan,0.0005843749968335032,1,0.5,0.5
F1,F,Proposed,4,13,5.0,0.0,nan,0.00087312504183501,5,0.5,0.5
F1,F,Proposed,4,14,5.0,0.0,nan,0.0008732919814065099,5,0.5,0.5
F1,F,Proposed,4,15,5.0,0.0,nan,0.0005488749593496323,1,0.5,0.5
F1,F,Proposed,4,16,11.25,0.0,nan,0.05040454200934619,33,0.20407477276821112,0.1332057355928107
F1,F,Proposed,4,17,5.0,0.0,nan,0.0007098750211298466,1,0.5,0.5
F1,F,Proposed,4,18,6.666666666666667,0.0,nan,0.026918957941234112,18,0.5,0.18747070347622266
F1,F,Proposed,4,19,6.666666666666667,0.0,nan,0.012910708086565137,15,0.5,0.13952323908236586
F1,F,Proposed,4,20,5.0,0.0,nan,0.0005542091093957424,1,0.5,0.5
F1,F,Proposed,5,1,6.0,0.0,nan,0.0006564999930560589,1,0.5,0.5
F1,F,Proposed,5,2,6.0,0.0,nan,0.0009682499803602695,5,0.5,0.5
F1,F,Proposed,5,3,6.0,0.0,nan,0.0006271670572459698,1,0.5,0.5
F1,F,Proposed,5,4,6.0,0.0,nan,0.0016881250776350498,5,0.5,0.5
F1,F,Proposed,5,5,6.0,0.0,nan,0.0006378750549629331,1,0.5,0.5
F1,F,Proposed,5,6,6.0,0.0,nan,0.001749125076457858,5,0.5,0.5
F1,F,Proposed,5,7,6.0,0.0,nan,0.0009545409120619297,5,0.5,0.5
F1,F,Proposed,5,8,9.0,0.0,nan,0.01750712504144758,19,0.11099060063237721,0.5
F1,F,Proposed,5,9,6.0,0.0,nan,0.0007998750079423189,3,0.5,0.5
F1,F,Proposed,5,10,6.0,0.0,nan,0.0007859170436859131,3,0.5,0.5
F1,F,Proposed,5,11,6.0,0.0,nan,0.0008069999748840928,3,0.5,0.5
F1,F,Proposed,5,12,6.0,0.0,nan,0.0006264999974519014,1,0.5,0.5
F1,F,Proposed,5,13,6.0,0.0,nan,0.0009768749587237835,5,0.5,0.5
F1,F,Proposed,5,14,6.0,0.0,nan,0.0009814159711822867,5,0.5,0.5
F1,F,Proposed,5,15,6.0,0.0,nan,0.0006242080125957727,1,0.5,0.5
F1,F,Proposed,5,16,13.5,0.0,nan,0.052311375038698316,33,0.20407477276821112,0.1332057355928107
F1,F,Proposed,5,17,6.0,0.0,nan,0.000633500050753355,1,0.5,0.5
F1,F,Proposed,5,18,8.0,0.0,nan,0.02830679202452302,18,0.5,0.18747070347622266
F1,F,Proposed,5,19,8.0,0.0,nan,0.011744834017008543,15,0.5,0.13952323908236586
F1,F,Proposed,5,20,6.0,0.0,nan,0.0006364999571815133,1,0.5,0.5
F1,F,Proposed,6,1,7.0,0.0,nan,0.0007384580094367266,1,0.5,0.5
F1,F,Proposed,6,2,7.0,0.0,nan,0.0011652499670162797,5,0.5,0.5
F1,F,Proposed,6,3,7.0,0.0,nan,0.0007297919364646077,1,0.5,0.5
F1,F,Proposed,6,4,7.0,0.0,nan,0.001822749967686832,5,0.5,0.5
F1,F,Proposed,6,5,7.0,0.0,nan,0.0007643330609425902,1,0.5,0.5
F1,F,Proposed,6,6,7.0,0.0,nan,0.0018153749406337738,5,0.5,0.5
F1,F,Proposed,6,7,7.0,0.0,nan,0.001050792052410543,5,0.5,0.5
F1,F,Proposed,6,8,10.5,0.0,nan,0.017115207971073687,19,0.11099060063237721,0.5
F1,F,Proposed,6,9,7.0,0.0,nan,0.0009867079788818955,3,0.5,0.5
F1,F,Proposed,6,10,7.0,0.0,nan,0.0008997089462354779,3,0.5,0.5
F1,F,Proposed,6,11,7.0,0.0,nan,0.0009240000508725643,3,0.5,0.5
F1,F,Proposed,6,12,7.0,0.0,nan,0.0007405829383060336,1,0.5,0.5
F1,F,Proposed,6,13,7.0,0.0,nan,0.001128584030084312,5,0.5,0.5
F1,F,Proposed,6,14,7.0,0.0,nan,0.001258667092770338,5,0.5,0.5
F1,F,Proposed,6,15,7.0,0.0,nan,0.000840499997138977,1,0.5,0.5
F1,F,Proposed,6,16,15.75,0.0,nan,0.052378457970917225,33,0.20407477276821112,0.1332057355928107
F1,F,Proposed,6,17,7.0,0.0,nan,0.0007426249794661999,1,0.5,0.5
F1,F,Proposed,6,18,9.333333333333334,0.0,nan,0.027733084047213197,18,0.5,0.18747070347622266
F1,F,Proposed,6,19,9.333333333333334,0.0,nan,0.012571416911669075,15,0.5,0.13952323908236586
F1,F,Proposed,6,20,7.0,0.0,nan,0.000738375005312264,1,0.5,0.5
