n_users,trial,final_pE,final_pN,restricted_gap,recorded_final_grid_ne_gap,true_grid_ne_gap,audit_grid_points,audit_stage2_solver_calls,runtime_sec,esp_revenue,nsp_revenue,joint_revenue,source_row_final_grid_ne_gap_source,error
50,1,4.7397809944554865,1.5713604241190193,0.0,0.0,6.658515049976259,120,240,19.941370042040944,97.9981433202345,61.37942993175751,159.377573251992,restricted_gap_zero_certified,
50,2,1.896006841167177,1.4291079261546944,0.0,0.0,2.135736553593013,120,240,19.963556916918606,62.38020322466892,56.76431704618778,119.1445202708567,restricted_gap_zero_certified,
50,3,8.939154840831117,1.5065809475449887,0.0,0.0,1.664653717506127,120,240,22.274097041925415,127.66631358266778,52.413476963844005,180.0797905465118,restricted_gap_zero_certified,
50,4,2.016889814157829,1.7395091926807458,0.0,0.0,0.0,120,240,17.878322917036712,60.790509455105855,68.87839635572742,129.66890581083328,restricted_gap_zero_certified,
50,5,2.46288313507871,1.6787850073349242,0.0,0.0,5.732633320048407,120,240,21.72195629205089,71.5019928583217,66.75140029339698,138.25339315171868,restricted_gap_zero_certified,
50,6,3.6050239448073103,2.689025884624899,0.0,0.0,14.57021456014747,120,240,19.18486162496265,60.5250518283515,53.87232584351987,114.39737767187137,restricted_gap_zero_certified,
50,7,3.9177676649616155,4.136481749823598,0.0,0.0,9.3000871691587,120,240,22.37430091702845,68.2696709906944,68.991161662064,137.26083265275838,restricted_gap_zero_certified,
50,8,2.786247118200113,1.240957452387599,0.0,0.0,1.872905582706494,120,240,21.870113915996626,85.00252088975235,49.238298095503964,134.2408189852563,restricted_gap_zero_certified,
50,9,2.624406401978074,1.7181830405114251,0.0,0.0,7.124324844287045,120,240,20.153059583972208,76.24920907558304,68.32732162045701,144.57653069604004,restricted_gap_zero_certified,
50,10,2.358690521012906,1.6682717533438869,0.0,0.0,7.910362717169534,120,240,20.595644499990158,69.01837049222745,59.903909523374935,128.92228001560238,restricted_gap_zero_certified,
100,1,4.654127176458759,2.7040635737003953,0.0,0.0,13.186181209634924,120,240,122.29387000005227,109.20299150441947,86.95431499916536,196.15730650358483,restricted_gap_zero_certified,
100,2,1.7024634899668971,2.98682290648659,0.0,0.0,8.411722568592268,120,240,139.9494381659897,93.35073127192017,112.88409582520725,206.23482709712744,restricted_gap_zero_certified,
100,3,2.4726018936750966,2.8464487749336476,0.0,0.0,1.4881753735974428,120,240,115.33360679098405,78.08410048033903,94.54505046118298,172.62915094152203,restricted_gap_zero_certified,
100,4,3.2236814378940566,2.857806856840022,0.0,0.0,2.576619967068936,120,240,149.1614419160178,130.2901278151474,113.9122742736009,244.2024020887483,restricted_gap_zero_certified,
100,5,2.33038763379126,2.895269964043881,0.0,0.0,0.0,120,240,101.89753750001546,94.72792005899325,115.2979562055543,210.02587626454755,restricted_gap_zero_certified,
100,6,3.265941320244337,3.025873225054675,0.0,0.0,9.780800902481076,120,240,160.35302479099482,116.2418016000768,104.2436812771757,220.48548287725248,restricted_gap_zero_certified,
100,7,3.3376474302379098,2.327234786414507,0.0,0.0,10.11200408351175,120,240,134.07960087503307,100.77136212755897,86.85196641035328,187.62332853791224,restricted_gap_zero_certified,
100,8,2.5052184022836066,2.8725268703070523,0.0,0.0,1.858463116173553,120,240,153.98473237501457,110.9348499579029,105.81536237838735,216.75021233629025,restricted_gap_zero_certified,
100,9,3.1021354516515296,2.2035257056549473,0.0,0.0,8.768200844695173,120,240,147.76289904199075,109.1028750791019,77.80995041580903,186.91282549491092,restricted_gap_zero_certified,
100,10,2.568505783998726,2.130026055335867,0.0,0.0,3.7905544252207903,120,240,120.63663254200947,98.68459584524288,84.80104221343467,183.48563805867755,restricted_gap_zero_certified,
150,1,2.857849006046319,2.7688382702868424,0.0,0.0,6.539157014786667,120,240,436.70166274998337,123.77436824833956,110.3535308114737,234.12789905981327,restricted_gap_zero_certified,
150,2,4.92679656639285,1.8290162514642239,0.0,0.0,1.2690927225392414,120,240,354.00877295807004,116.4179548792821,71.47864110541622,187.8965959846983,restricted_gap_zero_certified,
150,3,5.236468418135505,2.907026910064831,0.0,0.0,10.965982420936172,120,240,485.8048892910592,204.1870151724641,115.88107640259325,320.06809157505734,restricted_gap_zero_certified,
150,4,3.548350789641332,2.9549526748745087,0.0,0.0,2.9593000125177156,120,240,390.66190925007686,141.03914058617053,117.79810699498034,258.8372475811509,restricted_gap_zero_certified,
150,5,3.434398338622461,2.9156443858852086,0.0,0.0,8.962077215103534,120,240,367.2250388750108,131.45778107602283,116.22577543540837,247.6835565114312,restricted_gap_zero_certified,
150,6,3.158322939485162,3.5351519624808154,0.0,0.0,2.771974545875338,120,240,453.45578229101375,142.2261495634292,140.53510255386146,282.76125211729067,restricted_gap_zero_certified,
150,7,5.3167129984463415,2.9171244856476686,0.0,0.0,12.169809575602159,120,240,368.573647000012,147.01573947693814,105.55717424161823,252.57291371855638,restricted_gap_zero_certified,
150,8,4.142914672858241,3.4099340294970175,0.0,0.0,17.344659261248324,120,240,395.96175358397886,132.06916640824383,109.66412302527293,241.73328943351675,restricted_gap_zero_certified,
150,9,5.473368130725956,3.1250108233217233,0.0,0.0,12.052606559134276,120,240,485.02785900002345,202.47487893900723,124.60043293286894,327.0753118718762,restricted_gap_zero_certified,
150,10,4.619566303345881,3.4386275792915515,0.0,0.0,0.40778039927775467,120,240,465.6445192079991,175.8403923557943,137.14510317166207,312.98549552745635,restricted_gap_zero_certified,
200,1,4.290842249831346,3.8004991887352806,0.0,0.0,7.294871451049943,120,240,980.4059278749628,172.272715414361,149.34086870544417,321.6135841198052,restricted_gap_zero_certified,
200,2,3.5361762049019414,3.831474885312231,0.0,0.0,6.20318946146034,120,240,940.9101894580526,169.9364985661652,152.8589954124892,322.7954939786544,restricted_gap_zero_certified,
200,3,4.588946759855281,3.348446068813185,0.0,0.0,0.0,120,240,864.1221238749567,164.91333581701903,132.70334148873926,297.6166773057583,restricted_gap_zero_certified,
200,4,3.0881375371060527,3.4363765597365057,0.0,0.0,7.77382094116993,120,240,825.650737916003,139.09004591095427,137.05506238946023,276.1451083004145,restricted_gap_zero_certified,
200,5,4.129938739366248,3.7390620911387322,0.0,0.0,9.81214760404626,120,240,889.5187738330569,157.47064158042832,141.13024891719695,298.6008904976253,restricted_gap_zero_certified,
200,6,3.1610498892673817,4.25963850750701,0.0,0.0,0.0,120,240,1037.8603497919394,176.1065019112203,169.98554030028038,346.0920422115007,restricted_gap_zero_certified,
200,7,3.442370638265715,3.3243116745275096,0.0,0.0,8.368709489487856,120,240,836.5785704159644,146.3534484182709,132.5724669811004,278.9259153993713,restricted_gap_zero_certified,
200,8,2.8336237847447228,4.968334025547808,0.0,0.0,3.9496580701834034,120,240,959.217952374951,157.9647255432115,198.33336102191237,356.29808656512387,restricted_gap_zero_certified,
200,9,4.986759294959907,2.799991354491511,0.0,0.0,8.36494225853778,120,240,916.1424827079754,178.23737525548245,106.87605277433106,285.1134280298135,restricted_gap_zero_certified,
200,10,3.367275816412938,4.04402820192878,0.0,0.0,8.753563398375519,120,240,994.7580847500358,163.94185338315975,154.45664374279428,318.398497125954,restricted_gap_zero_certified,
250,1,4.300491571103917,3.0952267209123376,0.0,0.0,10.834404705136194,120,240,1515.9205407920526,155.9578478494301,114.1491848510127,270.1070327004428,restricted_gap_zero_certified,
250,2,5.876164809935101,4.314415996985184,0.0,0.0,12.467369281659614,120,240,2084.668838249985,241.54591452668674,167.70457872899522,409.25049325568193,restricted_gap_zero_certified,
250,3,3.780172063636577,3.976762617761618,0.0,0.0,0.3916801634848639,120,240,1568.0485889998963,171.37054344400988,158.67050471046474,330.04104815447465,restricted_gap_zero_certified,
250,4,3.7755125518483106,4.643413687327874,0.0,0.0,0.9203211681779919,120,240,1806.9553632499883,189.99403085099942,172.4437238457937,362.43775469679315,restricted_gap_zero_certified,
250,5,3.823647358019101,4.2274765087761175,0.0,0.0,8.338526791222762,120,240,1699.1945794590283,175.21234081833808,163.56454286905935,338.77688368739746,restricted_gap_zero_certified,
250,6,4.510949954279422,3.719333575792756,0.0,0.0,6.661951085936835,120,240,1738.6091138749616,187.37821651514267,148.37334303171025,335.75155954685295,restricted_gap_zero_certified,
250,7,4.747988043845019,3.4058588282964064,0.0,0.0,9.687225052371815,120,240,1492.0366737500299,162.5833140479526,132.90634931753232,295.48966336548494,restricted_gap_zero_certified,
250,8,4.481218905628022,3.466961860655078,0.0,0.0,2.662702044385128,120,240,1751.63773795811,182.1176862936333,138.2784744262031,320.3961607198364,restricted_gap_zero_certified,
250,9,3.993202659292543,4.0357832631240775,0.0,0.0,7.836286468488936,120,240,2239.7175520829624,157.83605192070334,148.35329303863108,306.18934495933445,restricted_gap_zero_certified,
250,10,4.116130366759239,2.9128745132853924,0.0,0.0,6.225545326639605,120,240,1387.6393468329916,150.46343502546043,116.07588163205496,266.53931665751537,restricted_gap_zero_certified,
