method,n_users,trial,success,final_pE,final_pN,offloading_size,restricted_gap,final_grid_ne_gap,final_grid_ne_gap_source,esp_revenue,nsp_revenue,joint_revenue,runtime_sec,stage2_solver_calls,audit_stage2_solver_calls,total_stage2_solver_calls,error
Proposed,50,1,1,4.7397809944554865,1.5713604241190193,9,0.0,0.0,restricted_gap_zero_certified,97.9981433202345,61.37942993175751,159.377573251992,0.740361666015815,49,0,49,
GA,50,1,1,3.270619,2.393198,10,0.4929851983486344,0.15231958628496045,audit_grid,88.26018987535917,81.50467079203524,169.76486066739443,367.82637874997454,2944,240,3184,
BO-online,50,1,1,4.564120307161731,1.383481765886254,10,11.890211556037414,9.490981465390178,audit_grid,104.35319192308883,54.93927063545016,159.292462558539,156.46773270802805,1071,240,1311,
MARL,50,1,1,3.005,2.4059999999999997,10,3.9112861684541826,3.8351019809630316,audit_grid,84.5774074806811,81.72420220529166,166.30160968597278,9.199234333995264,68,240,308,
Proposed,50,2,1,1.896006841167177,1.4291079261546944,10,0.0,0.0,restricted_gap_zero_certified,62.38020322466892,56.76431704618778,119.1445202708567,0.7691459589987062,49,0,49,
GA,50,2,1,1.295914,2.263459,11,1.1512832750824487,1.0065969475471803,audit_grid,56.47788383126817,73.34600887827386,129.82389270954204,332.8655063750339,2763,240,3003,
BO-online,50,2,1,1.5481890242492657,1.863558910016822,11,1.0722095436245667,1.0592932122522996,audit_grid,61.809082653664824,66.48872000862822,128.29780266229304,137.75509599997895,1071,240,1311,
MARL,50,2,1,4.202999999999999,5.401,1,19.285110484523635,25.2984280695875,audit_grid,8.695218358832053,8.930143358983925,17.625361717815977,6.283802082994953,60,240,300,
Proposed,50,3,1,8.939154840831117,1.5065809475449887,8,0.0,0.0,restricted_gap_zero_certified,127.66631358266778,52.413476963844005,180.0797905465118,0.5546560829970986,43,0,43,
Proposed,50,4,1,2.016889814157829,1.7395091926807458,9,0.0,0.0,restricted_gap_zero_certified,60.790509455105855,68.87839635572742,129.66890581083328,0.4994960830081254,43,0,43,
Proposed,50,5,1,2.46288313507871,1.6787850073349242,9,0.0,0.0,restricted_gap_zero_certified,71.5019928583217,66.75140029339698,138.25339315171868,0.5954982920084149,49,0,49,
Proposed,50,6,1,3.6050239448073103,2.689025884624899,6,0.0,0.0,restricted_gap_zero_certified,60.5250518283515,53.87232584351987,114.39737767187137,0.3596277079777792,37,0,37,
Proposed,50,7,1,3.9177676649616155,4.136481749823598,7,0.0,0.0,restricted_gap_zero_certified,68.2696709906944,68.991161662064,137.26083265275838,0.39260970801115036,37,0,37,
Proposed,50,8,1,2.786247118200113,1.240957452387599,9,0.0,0.0,restricted_gap_zero_certified,85.00252088975235,49.238298095503964,134.2408189852563,0.45906383299734443,37,0,37,
Proposed,50,9,1,2.624406401978074,1.7181830405114251,9,0.0,0.0,restricted_gap_zero_certified,76.24920907558304,68.32732162045701,144.57653069604004,0.5356770830112509,43,0,43,
Proposed,50,10,1,2.358690521012906,1.6682717533438869,9,0.0,0.0,restricted_gap_zero_certified,69.01837049222745,59.903909523374935,128.92228001560238,0.5818453750107437,43,0,43,
Proposed,100,1,1,4.654127176458759,2.7040635737003953,10,0.0,0.0,restricted_gap_zero_certified,109.20299150441947,86.95431499916536,196.15730650358483,1.327515790995676,55,0,55,
Proposed,100,2,1,1.7024634899668971,2.98682290648659,14,0.0,0.0,restricted_gap_zero_certified,93.35073127192017,112.88409582520725,206.23482709712744,2.4398129580076784,103,0,103,
Proposed,100,3,1,2.4726018936750966,2.8464487749336476,10,0.0,0.0,restricted_gap_zero_certified,78.08410048033903,94.54505046118298,172.62915094152203,0.892275707970839,49,0,49,
Proposed,100,4,1,3.2236814378940566,2.857806856840022,14,0.0,0.0,restricted_gap_zero_certified,130.2901278151474,113.9122742736009,244.2024020887483,1.535184417036362,49,0,49,
Proposed,100,5,1,2.33038763379126,2.895269964043881,12,0.0,0.0,restricted_gap_zero_certified,94.72792005899325,115.2979562055543,210.02587626454755,1.4228439999860711,55,0,55,
Proposed,100,6,1,3.265941320244337,3.025873225054675,13,0.0,0.0,restricted_gap_zero_certified,116.2418016000768,104.2436812771757,220.48548287725248,0.9548729999805801,37,0,37,
Proposed,100,7,1,3.3376474302379098,2.327234786414507,11,0.0,0.0,restricted_gap_zero_certified,100.77136212755897,86.85196641035328,187.62332853791224,0.7574846249772236,37,0,37,
Proposed,100,8,1,2.5052184022836066,2.8725268703070523,14,0.0,0.0,restricted_gap_zero_certified,110.9348499579029,105.81536237838735,216.75021233629025,1.8383015419822186,37,0,37,
Proposed,100,9,1,3.1021354516515296,2.2035257056549473,12,0.0,0.0,restricted_gap_zero_certified,109.1028750791019,77.80995041580903,186.91282549491092,2.223229374969378,73,0,73,
Proposed,100,10,1,2.568505783998726,2.130026055335867,12,0.0,0.0,restricted_gap_zero_certified,98.68459584524288,84.80104221343467,183.48563805867755,1.0825794999836944,49,0,49,
Proposed,150,1,1,2.857849006046319,2.7688382702868424,14,0.0,0.0,restricted_gap_zero_certified,123.77436824833956,110.3535308114737,234.12789905981327,1.8652057920116931,55,0,55,
Proposed,150,2,1,4.92679656639285,1.8290162514642239,11,0.0,0.0,restricted_gap_zero_certified,116.4179548792821,71.47864110541622,187.8965959846983,0.8873164579854347,37,0,37,
Proposed,150,3,1,5.236468418135505,2.907026910064831,17,0.0,0.0,restricted_gap_zero_certified,204.1870151724641,115.88107640259325,320.06809157505734,2.460449374979362,55,0,55,
Proposed,150,4,1,3.548350789641332,2.9549526748745087,14,0.0,0.0,restricted_gap_zero_certified,141.03914058617053,117.79810699498034,258.8372475811509,1.5079285419778898,43,0,43,
Proposed,150,5,1,3.434398338622461,2.9156443858852086,14,0.0,0.0,restricted_gap_zero_certified,131.45778107602283,116.22577543540837,247.6835565114312,1.3079819579725154,43,0,43,
Proposed,150,6,1,3.158322939485162,3.5351519624808154,16,0.0,0.0,restricted_gap_zero_certified,142.2261495634292,140.53510255386146,282.76125211729067,2.5015095000271685,37,0,37,
Proposed,150,7,1,5.3167129984463415,2.9171244856476686,12,0.0,0.0,restricted_gap_zero_certified,147.01573947693814,105.55717424161823,252.57291371855638,0.9017470419639722,37,0,37,
Proposed,150,8,1,4.142914672858241,3.4099340294970175,12,0.0,0.0,restricted_gap_zero_certified,132.06916640824383,109.66412302527293,241.73328943351675,1.7139778340351768,61,0,61,
Proposed,150,9,1,5.473368130725956,3.1250108233217233,16,0.0,0.0,restricted_gap_zero_certified,202.47487893900723,124.60043293286894,327.0753118718762,1.8992302500410005,49,0,49,
Proposed,150,10,1,4.619566303345881,3.4386275792915515,16,0.0,0.0,restricted_gap_zero_certified,175.8403923557943,137.14510317166207,312.98549552745635,1.9574784169672057,49,0,49,
Proposed,200,1,1,4.290842249831346,3.8004991887352806,16,0.0,0.0,restricted_gap_zero_certified,172.272715414361,149.34086870544417,321.6135841198052,1.7852869579801336,43,0,43,
Proposed,200,2,1,3.5361762049019414,3.831474885312231,18,0.0,0.0,restricted_gap_zero_certified,169.9364985661652,152.8589954124892,322.7954939786544,3.0091802090173587,61,0,61,
Proposed,200,3,1,4.588946759855281,3.348446068813185,15,0.0,0.0,restricted_gap_zero_certified,164.91333581701903,132.70334148873926,297.6166773057583,1.9765770839876495,43,0,43,
Proposed,200,4,1,3.0881375371060527,3.4363765597365057,15,0.0,0.0,restricted_gap_zero_certified,139.09004591095427,137.05506238946023,276.1451083004145,1.677138167025987,49,0,49,
Proposed,200,5,1,4.129938739366248,3.7390620911387322,15,0.0,0.0,restricted_gap_zero_certified,157.47064158042832,141.13024891719695,298.6008904976253,1.8504531660000794,49,0,49,
Proposed,200,6,1,3.1610498892673817,4.25963850750701,20,0.0,0.0,restricted_gap_zero_certified,176.1065019112203,169.98554030028038,346.0920422115007,4.641172334027942,73,0,73,
Proposed,200,7,1,3.442370638265715,3.3243116745275096,15,0.0,0.0,restricted_gap_zero_certified,146.3534484182709,132.5724669811004,278.9259153993713,1.8981341670150869,49,0,49,
Proposed,200,8,1,2.8336237847447228,4.968334025547808,18,0.0,0.0,restricted_gap_zero_certified,157.9647255432115,198.33336102191237,356.29808656512387,4.6731785840238445,85,0,85,
Proposed,200,9,1,4.986759294959907,2.799991354491511,15,0.0,0.0,restricted_gap_zero_certified,178.23737525548245,106.87605277433106,285.1134280298135,1.455138250021264,37,0,37,
Proposed,200,10,1,3.367275816412938,4.04402820192878,17,0.0,0.0,restricted_gap_zero_certified,163.94185338315975,154.45664374279428,318.398497125954,5.561999208002817,91,0,91,
Proposed,250,1,1,4.300491571103917,3.0952267209123376,15,0.0,0.0,restricted_gap_zero_certified,155.9578478494301,114.1491848510127,270.1070327004428,2.38794574997155,55,0,55,
Proposed,250,2,1,5.876164809935101,4.314415996985184,19,0.0,0.0,restricted_gap_zero_certified,241.54591452668674,167.70457872899522,409.25049325568193,2.6219274169998243,43,0,43,
Proposed,250,3,1,3.780172063636577,3.976762617761618,17,0.0,0.0,restricted_gap_zero_certified,171.37054344400988,158.67050471046474,330.04104815447465,2.3896268340176903,49,0,49,
Proposed,250,4,1,3.7755125518483106,4.643413687327874,19,0.0,0.0,restricted_gap_zero_certified,189.99403085099942,172.4437238457937,362.43775469679315,6.549279416969512,121,0,121,
Proposed,250,5,1,3.823647358019101,4.2274765087761175,17,0.0,0.0,restricted_gap_zero_certified,175.21234081833808,163.56454286905935,338.77688368739746,1.7810119159985334,37,0,37,
Proposed,250,6,1,4.510949954279422,3.719333575792756,17,0.0,0.0,restricted_gap_zero_certified,187.37821651514267,148.37334303171025,335.75155954685295,2.1929674580460414,49,0,49,
Proposed,250,7,1,4.747988043845019,3.4058588282964064,14,0.0,0.0,restricted_gap_zero_certified,162.5833140479526,132.90634931753232,295.48966336548494,1.4164801249862649,43,0,43,
Proposed,250,8,1,4.481218905628022,3.466961860655078,17,0.0,0.0,restricted_gap_zero_certified,182.1176862936333,138.2784744262031,320.3961607198364,2.5252570000011474,55,0,55,
Proposed,250,9,1,3.993202659292543,4.0357832631240775,16,0.0,0.0,restricted_gap_zero_certified,157.83605192070334,148.35329303863108,306.18934495933445,2.675431874988135,61,0,61,
Proposed,250,10,1,4.116130366759239,2.9128745132853924,15,0.0,0.0,restricted_gap_zero_certified,150.46343502546043,116.07588163205496,266.53931665751537,2.7420968749793246,61,0,61,
GA,50,3,1,4.321771,2.712916,10,0.5893176744029489,0.2365148875171741,audit_grid,110.15689461322857,83.73097650373212,193.8878711169607,566.2519470420084,3092,240,3332,
BO-online,50,3,1,4.859165015332774,2.2212923056350737,10,3.27789459276876,1.006982328163346,audit_grid,116.83501321647506,75.70334668086649,192.53835989734154,191.65149712504353,1071,240,1311,
MARL,50,3,1,4.802,5.401,5,24.79368579008848,28.386219696822984,audit_grid,58.229831390145236,49.087575702104296,107.31740709224954,10.118199915974401,60,240,300,
GA,50,4,1,0.638263,3.281798,10,0.0204588786140647,0.0007757793371894195,audit_grid,37.113008073523055,99.74448602888565,136.8574941024087,343.0035771250259,3269,240,3509,
BO-online,50,4,1,4.979367794265664,0.8325123401645566,6,16.031053348803347,3.213403687233644,audit_grid,63.975718866465265,32.90049360658226,96.87621247304753,116.14698554103961,1071,240,1311,
MARL,50,4,1,4.802,5.401,1,15.380342406351266,31.339575707388686,audit_grid,8.828306313857357,5.7745901399544515,14.602896453811809,5.451157292001881,60,240,300,
GA,50,5,1,0.890436,2.884634,12,2.7013249404562316,1.7944719327730922,audit_grid,55.40857286553598,114.98536,170.393932865536,404.6043439999921,3141,240,3381,
BO-online,50,5,1,2.669811982071325,1.539465080082788,9,12.408019374496575,5.265094275680092,audit_grid,74.4687031442185,61.17860320331153,135.64730634753002,135.58658112504054,1071,240,1311,
MARL,50,5,1,4.802,5.401,1,20.930554200352375,41.24802095985038,audit_grid,11.636806395416336,10.094853097567933,21.73165949298427,6.497291166975629,60,240,300,
GA,50,6,1,4.083137,2.429918,7,0.23599575995953614,0.03819116548075385,audit_grid,75.90268374615096,65.17267194196573,141.0753556881167,306.13255741697503,2437,240,2677,
BO-online,50,6,1,3.5114806265734604,2.6117137417950356,7,2.3556489267406704,2.215999590098832,audit_grid,70.36094753603514,67.58610355056328,137.94705108659844,145.69292520801537,1071,240,1311,
MARL,50,6,1,4.802,5.401,2,16.971323728346736,34.01435011651594,audit_grid,24.284470525267412,26.150509000732146,50.43497952599956,7.247428000031505,60,240,300,
GA,50,7,1,3.854283,4.22982,8,0.09675984926428782,0.0760231768608719,audit_grid,77.25208801680029,76.10128131843794,153.35336933523823,544.9031704170047,3701,240,3941,
BO-online,50,7,1,5.9709295415640975,2.398380298858144,7,5.684832078399069,5.389166596112744,audit_grid,84.3551163763345,52.4413111244842,136.7964275008187,171.34173104102956,1071,240,1311,
MARL,50,7,1,4.802,5.401,2,44.56827530210572,44.00377897084198,audit_grid,23.87009894812437,22.926261196808788,46.79636014493316,9.106930124980863,60,240,300,
GA,50,8,1,3.640526,4.385997,5,4.84347709543038,1.2639095872960127,audit_grid,53.41593871641099,39.61418590008132,93.03012461649232,327.00374233402545,2919,240,3159,
BO-online,50,8,1,4.475930095676577,0.9331015090435009,7,11.869668450247119,3.6412893827813093,audit_grid,83.23413708967753,35.68783442193527,118.92197151161281,143.8273407079978,1071,240,1311,
MARL,50,8,1,4.802,5.401,3,13.337261178839704,13.05059968920883,audit_grid,36.46299673325844,29.072949728641525,65.53594646189997,7.3292331250268035,60,240,300,
GA,50,9,1,0.674751,3.25687,11,10.138622612923186,9.284813869033968,audit_grid,44.20676841834354,108.0955649428562,152.30233336119974,297.27072875003796,2507,240,2747,
BO-online,50,9,1,3.2689839255317987,1.6500662916476991,8,12.277784002469488,6.617421235658497,audit_grid,74.66820890061973,61.85280484186947,136.5210137424892,125.24268345802557,1071,240,1311,
MARL,50,9,1,4.802,5.401,1,16.87934024394987,30.492546791542555,audit_grid,13.265640625058401,11.789806149633915,25.055446774692314,6.694914874969982,60,240,300,
GA,50,10,1,0.720485,2.834569,13,2.9301377920713563,0.0,audit_grid,54.516778505143414,112.60929351035313,167.12607201549653,395.7922386249993,3216,240,3456,
BO-online,50,10,1,4.056446109100009,1.0498535839688863,8,9.700364751761128,2.23388804313619,audit_grid,80.36438448169542,41.59414335875546,121.95852784045088,128.817845957994,1071,240,1311,
MARL,50,10,1,4.802,5.401,1,12.804574501094125,27.840300488605752,audit_grid,12.295499505171543,6.941603548553677,19.23710305372522,6.111131625017151,60,240,300,
GA,100,1,1,2.05289,4.459988,13,1.0214401568654807,0.4771177155267452,audit_grid,93.0961232814323,139.34672238719708,232.4428456686294,2179.2655658749864,2609,240,2849,
BO-online,100,1,1,3.5114806265734604,2.6117137417950356,13,13.066147837919985,4.657500748366644,audit_grid,122.00455434791233,104.06854967180143,226.07310401971375,873.5239414160023,1071,240,1311,
MARL,100,1,1,4.802,5.401,3,45.676348907923646,56.909184658633336,audit_grid,34.70514400457168,32.55122634872406,67.25637035329574,45.965331625018734,60,240,300,
GA,100,2,1,2.550775,4.178001,10,0.3040612230938535,1.7546130883744553,audit_grid,81.87420634524116,96.64920960690999,178.52341595215114,1974.908627375029,2743,240,2983,
BO-online,100,2,1,2.2916616989805423,3.3303592708184477,12,2.4769851407452705,1.515413507070349,audit_grid,93.75824615669131,105.88383496268224,199.64208111937356,810.9835612089955,1071,240,1311,
MARL,100,2,1,4.802,5.401,2,35.42195873709145,45.02423843248343,audit_grid,24.474020990542076,27.48940161198219,51.96342260252426,40.741675750003196,60,240,300,
GA,100,3,1,3.643208,5.534644,6,0.2293651432943804,0.08972899902785514,audit_grid,60.29995796904766,80.30356131405141,140.60351928309908,1398.7457942089532,2586,240,2826,
BO-online,100,3,1,2.7252735072055145,2.43488966115347,10,14.89192613790857,3.4178116516651755,audit_grid,82.00758756526785,87.3912353504716,169.39882291573946,382.689177207998,1071,240,1311,
MARL,100,3,1,4.802,3.6039999999999996,6,8.555648241602853,8.369322997188405,audit_grid,69.27466951788435,64.73826189619885,134.0129314140832,21.253388624987565,64,240,304,
GA,100,4,1,2.08751,3.752436,16,4.435468045444949,1.0650561124202653,audit_grid,120.83919927153629,148.71006022895,269.5492595004863,1377.2829832079588,2966,240,3206,
BO-online,100,4,1,4.55424681606646,2.3108908623700715,12,11.980626769803479,6.359773430206488,audit_grid,133.87911511205556,92.03563449480288,225.91474960685844,490.6713250829489,1071,240,1311,
MARL,100,4,1,4.802,5.401,5,43.405394050360385,42.5271226733519,audit_grid,54.79880858510056,53.39352103704979,108.19232962215034,25.866480291995686,60,240,300,
GA,100,5,1,0.813563,4.404235,14,12.527318800187345,8.861461378943858,audit_grid,63.32485611087137,160.26795038576202,223.5928064966334,920.4449570829747,2786,240,3026,
BO-online,100,5,1,2.752018287110088,2.77121138656195,10,22.261459185181337,9.420611325484145,audit_grid,85.29380971358304,96.27531537437966,181.5691250879627,355.0119162919582,1071,240,1311,
MARL,100,5,1,4.802,5.401,1,26.93251669447614,54.72187251485495,audit_grid,12.563276763020037,8.696138024648857,21.259414787668895,18.552140082989354,60,240,300,
GA,100,6,1,4.314803,4.431727,10,1.921132075899024,1.7414770617212554,audit_grid,101.51576173715478,91.83835883642615,193.35412057358093,1355.2239790419699,2837,240,3077,
BO-online,100,6,1,5.690987510036642,1.9615388078283498,12,8.193349820132426,1.3264236292525453,audit_grid,141.26821238008603,75.79229035751557,217.0605027376016,544.6014607090037,1071,240,1311,
MARL,100,6,1,4.802,5.401,4,51.936723834677665,51.9299072959915,audit_grid,44.46138890056087,36.24991003926557,80.71129893982643,30.277861000038683,60,240,300,
GA,100,7,1,3.577167,2.732345,11,10.625162285631077,0.0981994565871247,audit_grid,104.3455388633742,94.16838252251377,198.51392138588795,1221.0698204590008,3142,240,3382,
BO-online,100,7,1,4.289300567293023,1.9477283653603816,11,16.796172542386202,2.4463423606342474,audit_grid,114.31404793366357,77.50913461441525,191.82318254807882,435.3545782500296,1071,240,1311,
MARL,100,7,1,4.802,1.807,9,32.696984279652355,14.556539821224618,audit_grid,99.7477461563287,67.36900292660866,167.11674908293736,24.502314708021004,60,240,300,
GA,100,8,1,3.863937,4.057126,7,20.942200113899176,20.55721452607395,audit_grid,71.36480939867194,50.788234083090494,122.15304348176244,1142.6086133330246,2939,240,3179,
BO-online,100,8,1,3.7642257899860945,1.7499425455322062,12,21.815415711869463,1.8985755837950649,audit_grid,118.40302186082361,69.59770182128824,188.00072368211187,472.65966233296786,1071,240,1311,
MARL,100,8,1,4.802,5.401,4,16.792602241397077,21.920565852529272,audit_grid,47.3821042825428,34.88791732081685,82.27002160335965,25.607027582998853,60,240,300,
GA,100,9,1,3.626321,3.736914,8,5.492558352548528,11.211680736100249,audit_grid,78.15156522989646,65.29924363364765,143.45080886354413,1246.8902070830227,3197,240,3437,
BO-online,100,9,1,3.7642257899860945,1.7499425455322062,12,6.552782136987915,4.899777170308397,audit_grid,120.60891648990322,69.59770182128824,190.20661831119145,477.5690318339621,1071,240,1311,
MARL,100,9,1,4.802,5.401,3,31.339998013832478,35.620426015265764,audit_grid,34.70490645191261,24.078861893501017,58.783768345413634,24.359246791980695,60,240,300,
GA,100,10,1,0.545594,4.48484,15,12.91559612077711,5.407530800077666,audit_grid,53.5594,145.6008725612669,199.16027256126688,935.3321821249556,2969,240,3209,
BO-online,100,10,1,2.362122953525594,2.3930562365503847,12,8.499889073112541,0.27578023892219505,audit_grid,94.6045464327789,95.32224946201538,189.92679589479428,384.20001529197907,1071,240,1311,
MARL,100,10,1,4.802,5.401,2,24.4567309769248,29.72795882569279,audit_grid,22.35240405723444,18.702861810285658,41.0552658675201,18.86933554103598,60,240,300,
GA,150,1,1,2.878185,2.92885,14,13.157907422554018,0.025831932773101585,audit_grid,124.21704862607979,116.75400000000002,240.9710486260798,4296.554534874973,3523,240,3763,
BO-online,150,1,1,2.8592090846745988,2.868814077767144,14,14.45528493091301,2.5401247155746063,audit_grid,123.80402426111965,114.35256311068576,238.15658737180541,1295.7528061670018,1071,240,1311,
MARL,150,1,1,4.802,5.401,4,43.07657694095251,41.679304990373694,audit_grid,46.214975491883266,39.45326467817769,85.66824017006095,69.59588620800059,60,240,300,
GA,150,2,1,2.750428,2.73876,13,2.1278688023850236,1.492685132444251,audit_grid,104.72086619707342,107.08011946757372,211.80098566464716,3542.017658625031,3395,240,3635,
BO-online,150,2,1,3.8695990247907077,2.1445878993215337,12,6.832236294134205,0.8432566385587563,audit_grid,114.49522293523843,85.38351597286136,199.8787389080998,1165.9737057499588,1071,240,1311,
MARL,150,2,1,4.802,5.401,4,19.142824087548398,40.095441867540174,audit_grid,44.16209926622921,32.235891543623254,76.39799080985247,59.1088245830033,60,240,300,
GA,150,3,1,4.858381,3.392798,17,2.8532717162401866,0.7878267488694348,audit_grid,196.64820668786422,133.057921628303,329.7061283161672,3849.288600250031,2278,240,2518,
BO-online,150,3,1,4.769304393995732,3.426687923234008,17,3.945033455596274,1.4908858513523455,audit_grid,194.82962555534223,133.72472320772835,328.5543487630706,1831.0432764579891,1071,240,1311,
MARL,150,3,1,4.802,5.401,12,20.244483607266574,26.965217931167246,audit_grid,137.37442506591543,106.8805304460052,244.25495551192063,100.65663120802492,60,240,300,
GA,150,4,1,3.34249,3.172809,14,24.024422560401774,0.3346988235294077,audit_grid,136.86293116387512,126.51235999999999,263.3752911638751,4246.943673667032,3345,240,3585,
BO-online,150,4,1,4.317221505393631,2.505585025720545,13,31.115508530334125,4.875758635043738,audit_grid,143.744763390067,99.82340102882178,243.56816441888878,1339.8741950410185,1071,240,1311,
MARL,150,4,1,4.802,5.401,6,22.37257335192602,37.35284802088992,audit_grid,71.93953195212539,66.08848620350854,138.02801815563393,70.03608016698854,60,240,300,
GA,150,5,1,3.419838,3.180115,14,9.014352365067452,0.2509168967708888,audit_grid,131.1771925392813,125.16683330117237,256.3440258404537,3414.669940833992,2915,240,3155,
BO-online,150,5,1,3.8521503802487147,2.937831412451524,13,14.677675236601488,5.704146750680451,audit_grid,131.41590186634448,112.49317478450475,243.90907665084922,1231.5048022920382,1071,240,1311,
MARL,150,5,1,4.802,5.401,3,53.86790641299749,62.97259128150269,audit_grid,34.03247769787675,34.65931710819902,68.69179480607576,65.3737567080534,60,240,300,
GA,150,6,1,2.325276,4.518919,18,4.768033483715868,0.25259440595300475,audit_grid,134.83551350433385,173.16442192759607,307.9999354319299,4517.094058250019,3092,240,3332,
BO-online,150,6,1,3.5258179643417122,3.1482922601950523,16,20.990621563476708,7.048793011712547,audit_grid,150.32280950452875,125.5316904078021,275.8544999123309,1532.2750593329547,1071,240,1311,
MARL,150,6,1,4.802,5.401,6,51.1608647318003,57.098472189418814,audit_grid,64.53246793172208,53.14335946247811,117.67582739420018,80.78456654201727,60,240,300,
GA,150,7,1,2.875738,4.208737,16,1.2405530790647106,0.0,audit_grid,144.3606261808178,167.94948000000005,312.31010618081785,4891.72157516703,3447,240,3687,
BO-online,150,7,1,5.518185121711505,2.6292858932832295,13,9.298354032246692,3.9546146888388876,audit_grid,162.51367753619277,104.7714357313292,267.285113267522,1664.2749794999836,1071,240,1311,
MARL,150,7,1,4.802,5.401,4,72.19415168232625,90.012266609978,audit_grid,45.88811309947939,32.80679163332334,78.69490473280274,71.68731637502788,60,240,300,
GA,150,8,1,2.376556,4.059085,18,7.183510932180496,1.1256756302521183,audit_grid,144.58165317175002,161.96340000000004,306.54505317175006,3994.873118916992,2891,240,3131,
BO-online,150,8,1,5.518185121711505,2.6292858932832295,12,18.855636782542632,1.093503528337095,audit_grid,152.51353480702895,96.2124040438345,248.72593885086343,1430.390241999994,1071,240,1311,
MARL,150,8,1,4.802,5.401,4,67.76512658517294,69.93468121226599,audit_grid,48.4033309488217,36.43934666258189,84.84267761140359,74.8569857919938,60,240,300,
GA,150,9,1,4.335245,3.733471,18,12.948443350352903,8.109899495798288,audit_grid,199.3604618301292,148.93884,348.2993018301292,4613.061734208022,2813,240,3053,
BO-online,150,9,1,5.329172837699217,3.273460358088184,16,18.20366610768258,8.003973570473988,audit_grid,199.78009345746625,130.3299308820091,330.11002433947533,1746.224053709011,1071,240,1311,
MARL,150,9,1,4.802,5.401,12,32.02102476826511,31.25609356261903,audit_grid,141.19854284765046,113.60637217685256,254.80491502450303,97.4945960000041,60,240,300,
GA,150,10,1,2.482911,5.300653,20,1.0229729521724096,0.0,audit_grid,161.85013961211803,208.86918276002214,370.71932237214014,4061.138229000033,2584,240,2824,
BO-online,150,10,1,5.18099137104079,2.811282806631526,15,44.001805782975396,11.357219091558164,audit_grid,172.90202203787408,112.051312265261,284.9533343031351,1626.3316374170245,1071,240,1311,
MARL,150,10,1,4.802,5.401,8,71.89634784701892,69.78442839487782,audit_grid,89.14944073871008,73.25149880288956,162.40093954159966,92.11326700000791,60,240,300,
GA,200,1,1,3.870107,4.052765,17,22.619618108687376,2.5749815404481353,audit_grid,171.5533441029056,158.6750818075052,330.2284259104108,10206.91884579201,2817,240,3057,
BO-online,200,1,1,5.18099137104079,2.811282806631526,15,38.49198114785332,16.80919193641965,audit_grid,178.0509329794014,112.05131226526102,290.1022452446624,3344.0349750419846,1071,240,1311,
MARL,200,1,1,4.802,5.401,8,69.12576396704391,64.19918734211107,audit_grid,92.03085364563519,70.22345282488497,162.25430647052016,194.04613537498517,60,240,300,
GA,200,2,1,3.031973,4.49086,19,27.92388339104636,3.9860652317174186,audit_grid,165.56348602285087,179.23439999999997,344.79788602285083,10952.270513415977,3371,240,3611,
BO-online,200,2,1,4.630940585671886,2.7832992788034283,16,46.955821339707086,9.710634741131813,audit_grid,173.26790227290238,110.93197115213714,284.1998734250395,3376.4490336659946,1071,240,1311,
MARL,200,2,1,4.802,5.401,6,107.08099365393291,96.5042203148587,audit_grid,67.82764884998626,49.04139787348764,116.8690467234739,184.2018340829527,60,240,300,
GA,200,3,1,3.061868,4.156381,16,7.86220130534241,0.6083150039027316,audit_grid,143.89462350273192,159.97354469994082,303.86816820267273,19943.837869209,3524,240,3764,
BO-online,200,3,1,5.518185121711505,2.6292858932832295,15,12.428671421998388,5.968060066990148,audit_grid,180.90771450573305,104.77143573132919,285.67915023706223,3098.486287333999,1071,240,1311,
MARL,200,3,1,4.802,5.401,5,78.36314426109536,88.74949935623451,audit_grid,57.295340377843594,40.11100484544616,97.40634522328975,164.031772833001,60,240,300,
GA,200,4,1,3.264387,4.339174,14,7.857651669337002,0.0,audit_grid,132.82359863498033,142.19710674858086,275.0207053835612,10142.682212000003,3016,240,3256,
BO-online,200,4,1,4.457010249416737,2.7775525739993596,14,14.789352504499675,4.064283594647449,audit_grid,155.32922664498065,110.7021029599744,266.03132960495503,2888.3513719169932,1071,240,1311,
MARL,200,4,1,4.802,5.401,4,56.83730692758019,65.8694195745299,audit_grid,45.16039042421844,41.513455537934604,86.67384596215305,154.9503623749988,60,240,300,
GA,200,5,1,3.264387,4.14808,18,4.130168191925122,1.675103034253823,audit_grid,163.1722186346476,165.52320000000003,328.69541863464764,8206.118416957994,2508,240,2748,
BO-online,200,5,1,5.18099137104079,2.811282806631526,14,27.112254878453513,5.575527334317343,audit_grid,165.79779546553374,112.05131226526105,277.8491077307948,3321.6629825420023,1071,240,1311,
MARL,200,5,1,4.802,5.401,6,69.86297729234074,68.94182404221283,audit_grid,72.06729134803385,69.932858841619,142.00015018965286,186.24184687499655,60,240,300,
GA,200,6,1,4.611611,3.022227,16,51.56215927031903,4.519544335757871,audit_grid,171.735775677058,120.48908,292.22485567705803,9911.819763915999,2787,240,3027,
BO-online,200,6,1,5.707323457765764,2.541213697696841,14,68.23079571124171,8.058322228890631,audit_grid,167.7135025409187,99.28293659311292,266.9964391340316,3649.6063568340032,1071,240,1311,
MARL,200,6,1,4.802,5.401,7,92.60463775039322,89.53398188844183,audit_grid,77.56416435105443,61.647301166102736,139.21146551715717,180.59354262499255,60,240,300,
GA,200,7,1,3.518046,3.344366,15,14.724524380964539,5.5530910924370005,audit_grid,147.96265605503842,133.37464,281.33729605503845,17240.198908459002,3295,240,3535,
BO-online,200,7,1,3.5258179643417122,3.1482922601950523,15,19.463800317838547,11.382595306483609,audit_grid,148.12693403405143,125.5316904078021,273.65862444185353,4596.6020772499905,1071,240,1311,
MARL,200,7,1,4.802,5.401,4,75.56555334560917,76.70251080182135,audit_grid,46.394413157040184,37.70444875991949,84.09886191695966,144.94954483299807,60,240,300,
GA,200,8,1,3.870107,4.106011,16,10.38788657184196,0.0,audit_grid,167.8843015812305,163.84044,331.7247415812305,8881.487873125006,2941,240,3181,
BO-online,200,8,1,5.329172837699217,3.273460358088184,14,19.79841249141475,1.6685252902485672,audit_grid,174.05861698826715,130.50801632895767,304.56663331722484,3085.523862999995,1071,240,1311,
MARL,200,8,1,4.802,5.401,7,75.89124139390174,75.58475543209593,audit_grid,82.08859298919549,75.2020086342289,157.29060162342438,171.8196983329981,60,240,300,
GA,200,9,1,2.943955,4.148185,19,2.307853442706829,1.5885663865546462,audit_grid,169.94608318811981,165.5274,335.4734831881198,10231.553779167007,3295,240,3535,
BO-online,200,9,1,5.640020819694034,2.41997132723954,15,20.581549296428335,0.2465250616789234,audit_grid,189.59679518012413,96.39885308958159,285.9956482697057,3156.4990785410046,1071,240,1311,
MARL,200,9,1,4.802,5.401,7,64.15692716070235,63.8644807947487,audit_grid,84.41325925875343,59.596301948290915,144.00956120704433,173.44115754199447,60,240,300,
GA,200,10,1,2.495884,5.28152,19,0.406356949418182,0.2518698274665496,audit_grid,157.9799796607029,192.54872511642344,350.52870477712634,11509.44526275,3117,240,3357,
BO-online,200,10,1,5.18099137104079,2.811282806631526,15,24.082055776443696,2.5936658325523183,audit_grid,179.95281322098626,112.05131226526105,292.0041254862473,4988.205178916978,1071,240,1311,
MARL,200,10,1,4.802,5.401,6,78.88608591716375,87.11481254626965,audit_grid,68.62407159739668,62.2567214171833,130.88079301457998,191.99700820900034,60,240,300,
GA,250,1,1,3.264387,4.201326,16,16.978209057710814,0.0,audit_grid,145.41251561796318,141.85245774417535,287.26497336213856,14777.076738957985,2717,240,2957,
BO-online,250,1,1,4.499087893068767,2.6718370122166575,16,20.311552698310095,6.279460687804303,audit_grid,170.8556248504829,106.47348048866633,277.32910533914924,6244.3761497499945,1071,240,1311,
MARL,250,1,1,4.802,5.401,5,69.14523054575162,72.84677851270558,audit_grid,58.027171067126346,39.04477067718171,97.07194174430805,299.07178720799857,60,240,300,
GA,250,2,1,4.305641,5.600528,22,14.16852776150273,0.0,audit_grid,238.25952121094406,212.51679606239554,450.7763172733396,20010.428367999993,2636,240,2876,
BO-online,250,2,1,3.9126498567395624,4.992931572625472,23,29.201967158894348,20.67434625955832,audit_grid,237.4870499563617,199.31726290501885,436.80431286138054,8460.681843416998,1071,240,1311,
MARL,250,2,1,4.802,5.401,19,39.88960586357649,22.98578076662406,audit_grid,218.96821130779844,181.71312198596522,400.68133329376366,446.0708007500216,60,240,300,
GA,250,3,1,2.482911,5.414531,19,12.63402450456806,0.7193507610138568,audit_grid,153.68014955856995,200.746874898649,354.427024457219,15027.466782208998,2743,240,2983,
BO-online,250,3,1,5.18099137104079,2.811282806631526,14,47.15748490442698,6.741965045663335,audit_grid,165.25037129326137,112.05131226526105,277.3016835585224,10222.27519658301,1071,240,1311,
MARL,250,3,1,4.802,5.401,5,106.69280052651234,96.85415816107951,audit_grid,57.5453421585043,52.97231654398417,110.51765870248846,288.0087912919698,60,240,300,
GA,250,4,1,3.08995,5.136657,20,1.5937875636275862,1.201868558510597,audit_grid,181.06962814854012,190.4314056831074,371.50103383164753,26801.756287833035,3753,240,3993,
BO-online,250,4,1,4.943055417488952,3.454547455480563,17,18.505404133486564,7.851575208054214,audit_grid,194.704969054148,135.95752880367488,330.66249785782287,6663.011111792002,1071,240,1311,
MARL,250,4,1,4.802,5.401,9,74.01321954445768,73.50902423591901,audit_grid,102.76531049868245,78.66015899161641,181.42546949029887,372.97587466600817,60,240,300,
GA,250,5,1,3.39506,4.604913,18,15.17319414769608,1.7107987480694078,audit_grid,174.95464586412803,182.53441129343892,357.48905715756695,20222.986783250002,3473,240,3713,
BO-online,250,5,1,5.592191863271974,2.6597791890727294,14,43.41897028646861,8.775218991712663,audit_grid,179.0431718348808,105.99116756290918,285.03433939779,8354.14623529202,1071,240,1311,
MARL,250,5,1,4.802,5.401,8,79.10533606131473,77.73859598552927,audit_grid,95.7073621223986,84.05914415302905,179.76650627542767,316.3838073750376,60,240,300,
GA,250,6,1,2.812959,5.252052,20,7.979313494222168,2.6750114932771965,audit_grid,174.96864391994728,209.68208,384.65072391994727,22817.017275207967,2965,240,3205,
BO-online,250,6,1,5.329172837699217,3.273460358088184,16,35.84196556642877,8.220772284573144,audit_grid,189.95479278045036,129.80521886945314,319.7600116499035,6687.299493041995,1071,240,1311,
MARL,250,6,1,4.802,5.401,10,62.61199975599462,59.92737960539219,audit_grid,112.36440904979304,96.5130860032813,208.87749505307434,371.4801588340197,60,240,300,
GA,250,7,1,4.12618,4.024545,15,30.594946448019897,2.1384963679628584,audit_grid,162.39245346548338,152.60948415328886,315.0019376187722,20068.563579625043,3195,240,3435,
BO-online,250,7,1,5.329172837699217,3.273460358088184,14,25.033665385587028,2.696077952311299,audit_grid,172.2864090354494,130.28194131340638,302.5683503488558,5377.289917333983,1071,240,1311,
MARL,250,7,1,4.802,5.401,6,91.02011959042807,80.26641316198639,audit_grid,72.08413956136128,68.96573056149134,141.0498701228526,320.9179452499957,60,240,300,
GA,250,8,1,4.367591,3.660209,17,40.81085729667498,0.973152605042003,audit_grid,179.78346860410383,146.00835999999998,325.7918286041038,21157.90113558399,3169,240,3409,
BO-online,250,8,1,4.943055417488952,3.454547455480563,16,40.95373432910475,0.6114099960173291,audit_grid,181.68370556621176,135.3054607981765,316.98916636438827,6115.0071506660315,1071,240,1311,
MARL,250,8,1,4.802,5.401,10,69.44241538191164,66.5209650582817,audit_grid,113.14272630571263,92.7831343164917,205.9258606222043,340.9273839579546,60,240,300,
GA,250,9,1,3.406993,4.867955,17,0.8014444185630509,0.5834055221733934,audit_grid,153.09145147525524,169.46573210757933,322.55718358283457,14437.384799625026,2609,240,2849,
BO-online,250,9,1,5.18099137104079,2.811282806631526,15,19.819334292434974,9.543385043439741,audit_grid,168.60449184560645,112.05131226526105,280.6558041108675,5787.110136832984,1071,240,1311,
MARL,250,9,1,4.802,5.401,6,78.35857140626541,77.95766160765254,audit_grid,66.36670564823942,62.32193394137862,128.68863958961805,329.143702625006,60,240,300,
GA,250,10,1,3.191609,3.576624,17,23.71834134579811,4.1686930567769025,audit_grid,150.28590244789476,142.66496,292.9508624478948,15219.04394820903,2965,240,3205,
BO-online,250,10,1,4.198319304922017,3.1645066008100557,15,25.86540011814367,2.4891492069468484,audit_grid,151.9654462977248,121.01885899409353,272.9843052918184,6258.8869767499855,1071,240,1311,
MARL,250,10,1,4.802,5.401,5,69.43213027964677,74.47991537810363,audit_grid,58.25100772167231,52.83944761716218,111.09045533883449,274.3966019580257,60,240,300,
